account,date,reference,currency,amount,description
BANK-USD-001,2026-10-01,BENCH-B0000,USD,1.00,Fictitious benchmark row
BANK-USD-001,2026-10-01,BENCH-B0001,USD,1.00,Fictitious benchmark row
BANK-USD-001,2026-10-01,BENCH-B0002,USD,1.00,Fictitious benchmark row
BANK-USD-001,2026-10-01,BENCH-B0003,USD,1.00,Fictitious benchmark row
BANK-USD-001,2026-10-01,BENCH-B0004,USD,1.00,Fictitious benchmark row
BANK-USD-001,2026-10-01,BENCH-B0005,USD,1.00,Fictitious benchmark row
BANK-USD-001,2026-10-01,BENCH-B0006,USD,1.00,Fictitious benchmark row
BANK-USD-001,2026-10-01,BENCH-B0007,USD,1.00,Fictitious benchmark row
BANK-USD-001,2026-10-01,BENCH-B0008,USD,1.00,Fictitious benchmark row
BANK-USD-001,2026-10-01,BENCH-B0009,USD,1.00,Fictitious benchmark row
BANK-USD-001,2026-10-01,BENCH-B0010,USD,1.00,Fictitious benchmark row
BANK-USD-001,2026-10-01,BENCH-B0011,USD,1.00,Fictitious benchmark row
BANK-USD-001,2026-10-01,BENCH-B0012,USD,1.00,Fictitious benchmark row
BANK-USD-001,2026-10-01,BENCH-B0013,USD,1.00,Fictitious benchmark row
BANK-USD-001,2026-10-01,BENCH-B0014,USD,1.00,Fictitious benchmark row
BANK-USD-001,2026-10-01,BENCH-B0015,USD,1.00,Fictitious benchmark row
BANK-USD-001,2026-10-01,BENCH-B0016,USD,1.00,Fictitious benchmark row
BANK-USD-001,2026-10-01,BENCH-B0017,USD,1.00,Fictitious benchmark row
BANK-USD-001,2026-10-01,BENCH-B0018,USD,1.00,Fictitious benchmark row
BANK-USD-001,2026-10-01,BENCH-B0019,USD,1.00,Fictitious benchmark row
BANK-USD-001,2026-10-01,BENCH-B0020,USD,1.00,Fictitious benchmark row
BANK-USD-001,2026-10-01,BENCH-B0021,USD,1.00,Fictitious benchmark row
BANK-USD-001,2026-10-01,BENCH-B0022,USD,1.00,Fictitious benchmark row
BANK-USD-001,2026-10-01,BENCH-B0023,USD,1.00,Fictitious benchmark row
BANK-USD-001,2026-10-01,BENCH-B0024,USD,1.00,Fictitious benchmark row
BANK-USD-001,2026-10-01,BENCH-B0025,USD,1.00,Fictitious benchmark row
BANK-USD-001,2026-10-01,BENCH-B0026,USD,1.00,Fictitious benchmark row
BANK-USD-001,2026-10-01,BENCH-B0027,USD,1.00,Fictitious benchmark row
BANK-USD-001,2026-10-01,BENCH-B0028,USD,1.00,Fictitious benchmark row
BANK-USD-001,2026-10-01,BENCH-B0029,USD,1.00,Fictitious benchmark row
BANK-USD-001,2026-10-01,BENCH-B0030,USD,1.00,Fictitious benchmark row
BANK-USD-001,2026-10-01,BENCH-B0031,USD,1.00,Fictitious benchmark row
BANK-USD-001,2026-10-01,BENCH-B0032,USD,1.00,Fictitious benchmark row
BANK-USD-001,2026-10-01,BENCH-B0033,USD,1.00,Fictitious benchmark row
BANK-USD-001,2026-10-01,BENCH-B0034,USD,1.00,Fictitious benchmark row
BANK-USD-001,2026-10-01,BENCH-B0035,USD,1.00,Fictitious benchmark row
BANK-USD-001,2026-10-01,BENCH-B0036,USD,1.00,Fictitious benchmark row
BANK-USD-001,2026-10-01,BENCH-B0037,USD,1.00,Fictitious benchmark row
BANK-USD-001,2026-10-01,BENCH-B0038,USD,1.00,Fictitious benchmark row
BANK-USD-001,2026-10-01,BENCH-B0039,USD,1.00,Fictitious benchmark row
BANK-USD-001,2026-10-01,BENCH-B0040,USD,1.00,Fictitious benchmark row
BANK-USD-001,2026-10-01,BENCH-B0041,USD,1.00,Fictitious benchmark row
BANK-USD-001,2026-10-01,BENCH-B0042,USD,1.00,Fictitious benchmark row
BANK-USD-001,2026-10-01,BENCH-B0043,USD,1.00,Fictitious benchmark row
BANK-USD-001,2026-10-01,BENCH-B0044,USD,1.00,Fictitious benchmark row
BANK-USD-001,2026-10-01,BENCH-B0045,USD,1.00,Fictitious benchmark row
BANK-USD-001,2026-10-01,BENCH-B0046,USD,1.00,Fictitious benchmark row
BANK-USD-001,2026-10-01,BENCH-B0047,USD,1.00,Fictitious benchmark row
BANK-USD-001,2026-10-01,BENCH-B0048,USD,1.00,Fictitious benchmark row
BANK-USD-001,2026-10-01,BENCH-B0049,USD,1.00,Fictitious benchmark row
BANK-USD-001,2026-10-01,BENCH-B0050,USD,1.00,Fictitious benchmark row
BANK-USD-001,2026-10-01,BENCH-B0051,USD,1.00,Fictitious benchmark row
BANK-USD-001,2026-10-01,BENCH-B0052,USD,1.00,Fictitious benchmark row
BANK-USD-001,2026-10-01,BENCH-B0053,USD,1.00,Fictitious benchmark row
BANK-USD-001,2026-10-01,BENCH-B0054,USD,1.00,Fictitious benchmark row
BANK-USD-001,2026-10-01,BENCH-B0055,USD,1.00,Fictitious benchmark row
BANK-USD-001,2026-10-01,BENCH-B0056,USD,1.00,Fictitious benchmark row
BANK-USD-001,2026-10-01,BENCH-B0057,USD,1.00,Fictitious benchmark row
BANK-USD-001,2026-10-01,BENCH-B0058,USD,1.00,Fictitious benchmark row
BANK-USD-001,2026-10-01,BENCH-B0059,USD,1.00,Fictitious benchmark row
BANK-USD-001,2026-10-01,BENCH-B0060,USD,1.00,Fictitious benchmark row
BANK-USD-001,2026-10-01,BENCH-B0061,USD,1.00,Fictitious benchmark row
BANK-USD-001,2026-10-01,BENCH-B0062,USD,1.00,Fictitious benchmark row
BANK-USD-001,2026-10-01,BENCH-B0063,USD,1.00,Fictitious benchmark row
BANK-USD-001,2026-10-01,BENCH-B0064,USD,1.00,Fictitious benchmark row
BANK-USD-001,2026-10-01,BENCH-B0065,USD,1.00,Fictitious benchmark row
BANK-USD-001,2026-10-01,BENCH-B0066,USD,1.00,Fictitious benchmark row
BANK-USD-001,2026-10-01,BENCH-B0067,USD,1.00,Fictitious benchmark row
BANK-USD-001,2026-10-01,BENCH-B0068,USD,1.00,Fictitious benchmark row
BANK-USD-001,2026-10-01,BENCH-B0069,USD,1.00,Fictitious benchmark row
BANK-USD-001,2026-10-01,BENCH-B0070,USD,1.00,Fictitious benchmark row
BANK-USD-001,2026-10-01,BENCH-B0071,USD,1.00,Fictitious benchmark row
BANK-USD-001,2026-10-01,BENCH-B0072,USD,1.00,Fictitious benchmark row
BANK-USD-001,2026-10-01,BENCH-B0073,USD,1.00,Fictitious benchmark row
BANK-USD-001,2026-10-01,BENCH-B0074,USD,1.00,Fictitious benchmark row
BANK-USD-001,2026-10-01,BENCH-B0075,USD,1.00,Fictitious benchmark row
BANK-USD-001,2026-10-01,BENCH-B0076,USD,1.00,Fictitious benchmark row
BANK-USD-001,2026-10-01,BENCH-B0077,USD,1.00,Fictitious benchmark row
BANK-USD-001,2026-10-01,BENCH-B0078,USD,1.00,Fictitious benchmark row
BANK-USD-001,2026-10-01,BENCH-B0079,USD,1.00,Fictitious benchmark row
BANK-USD-001,2026-10-01,BENCH-B0080,USD,1.00,Fictitious benchmark row
BANK-USD-001,2026-10-01,BENCH-B0081,USD,1.00,Fictitious benchmark row
BANK-USD-001,2026-10-01,BENCH-B0082,USD,1.00,Fictitious benchmark row
BANK-USD-001,2026-10-01,BENCH-B0083,USD,1.00,Fictitious benchmark row
BANK-USD-001,2026-10-01,BENCH-B0084,USD,1.00,Fictitious benchmark row
BANK-USD-001,2026-10-01,BENCH-B0085,USD,1.00,Fictitious benchmark row
BANK-USD-001,2026-10-01,BENCH-B0086,USD,1.00,Fictitious benchmark row
BANK-USD-001,2026-10-01,BENCH-B0087,USD,1.00,Fictitious benchmark row
BANK-USD-001,2026-10-01,BENCH-B0088,USD,1.00,Fictitious benchmark row
BANK-USD-001,2026-10-01,BENCH-B0089,USD,1.00,Fictitious benchmark row
BANK-USD-001,2026-10-01,BENCH-B0090,USD,1.00,Fictitious benchmark row
BANK-USD-001,2026-10-01,BENCH-B0091,USD,1.00,Fictitious benchmark row
BANK-USD-001,2026-10-01,BENCH-B0092,USD,1.00,Fictitious benchmark row
BANK-USD-001,2026-10-01,BENCH-B0093,USD,1.00,Fictitious benchmark row
BANK-USD-001,2026-10-01,BENCH-B0094,USD,1.00,Fictitious benchmark row
BANK-USD-001,2026-10-01,BENCH-B0095,USD,1.00,Fictitious benchmark row
BANK-USD-001,2026-10-01,BENCH-B0096,USD,1.00,Fictitious benchmark row
BANK-USD-001,2026-10-01,BENCH-B0097,USD,1.00,Fictitious benchmark row
BANK-USD-001,2026-10-01,BENCH-B0098,USD,1.00,Fictitious benchmark row
BANK-USD-001,2026-10-01,BENCH-B0099,USD,1.00,Fictitious benchmark row
BANK-USD-001,2026-10-01,BENCH-B0100,USD,1.00,Fictitious benchmark row
BANK-USD-001,2026-10-01,BENCH-B0101,USD,1.00,Fictitious benchmark row
BANK-USD-001,2026-10-01,BENCH-B0102,USD,1.00,Fictitious benchmark row
BANK-USD-001,2026-10-01,BENCH-B0103,USD,1.00,Fictitious benchmark row
BANK-USD-001,2026-10-01,BENCH-B0104,USD,1.00,Fictitious benchmark row
BANK-USD-001,2026-10-01,BENCH-B0105,USD,1.00,Fictitious benchmark row
BANK-USD-001,2026-10-01,BENCH-B0106,USD,1.00,Fictitious benchmark row
BANK-USD-001,2026-10-01,BENCH-B0107,USD,1.00,Fictitious benchmark row
BANK-USD-001,2026-10-01,BENCH-B0108,USD,1.00,Fictitious benchmark row
BANK-USD-001,2026-10-01,BENCH-B0109,USD,1.00,Fictitious benchmark row
BANK-USD-001,2026-10-01,BENCH-B0110,USD,1.00,Fictitious benchmark row
BANK-USD-001,2026-10-01,BENCH-B0111,USD,1.00,Fictitious benchmark row
BANK-USD-001,2026-10-01,BENCH-B0112,USD,1.00,Fictitious benchmark row
BANK-USD-001,2026-10-01,BENCH-B0113,USD,1.00,Fictitious benchmark row
BANK-USD-001,2026-10-01,BENCH-B0114,USD,1.00,Fictitious benchmark row
BANK-USD-001,2026-10-01,BENCH-B0115,USD,1.00,Fictitious benchmark row
BANK-USD-001,2026-10-01,BENCH-B0116,USD,1.00,Fictitious benchmark row
BANK-USD-001,2026-10-01,BENCH-B0117,USD,1.00,Fictitious benchmark row
BANK-USD-001,2026-10-01,BENCH-B0118,USD,1.00,Fictitious benchmark row
BANK-USD-001,2026-10-01,BENCH-B0119,USD,1.00,Fictitious benchmark row
BANK-USD-001,2026-10-01,BENCH-B0120,USD,1.00,Fictitious benchmark row
BANK-USD-001,2026-10-01,BENCH-B0121,USD,1.00,Fictitious benchmark row
BANK-USD-001,2026-10-01,BENCH-B0122,USD,1.00,Fictitious benchmark row
BANK-USD-001,2026-10-01,BENCH-B0123,USD,1.00,Fictitious benchmark row
BANK-USD-001,2026-10-01,BENCH-B0124,USD,1.00,Fictitious benchmark row
BANK-USD-001,2026-10-01,BENCH-B0125,USD,1.00,Fictitious benchmark row
BANK-USD-001,2026-10-01,BENCH-B0126,USD,1.00,Fictitious benchmark row
BANK-USD-001,2026-10-01,BENCH-B0127,USD,1.00,Fictitious benchmark row
BANK-USD-001,2026-10-01,BENCH-B0128,USD,1.00,Fictitious benchmark row
BANK-USD-001,2026-10-01,BENCH-B0129,USD,1.00,Fictitious benchmark row
BANK-USD-001,2026-10-01,BENCH-B0130,USD,1.00,Fictitious benchmark row
BANK-USD-001,2026-10-01,BENCH-B0131,USD,1.00,Fictitious benchmark row
BANK-USD-001,2026-10-01,BENCH-B0132,USD,1.00,Fictitious benchmark row
BANK-USD-001,2026-10-01,BENCH-B0133,USD,1.00,Fictitious benchmark row
BANK-USD-001,2026-10-01,BENCH-B0134,USD,1.00,Fictitious benchmark row
BANK-USD-001,2026-10-01,BENCH-B0135,USD,1.00,Fictitious benchmark row
BANK-USD-001,2026-10-01,BENCH-B0136,USD,1.00,Fictitious benchmark row
BANK-USD-001,2026-10-01,BENCH-B0137,USD,1.00,Fictitious benchmark row
BANK-USD-001,2026-10-01,BENCH-B0138,USD,1.00,Fictitious benchmark row
BANK-USD-001,2026-10-01,BENCH-B0139,USD,1.00,Fictitious benchmark row
BANK-USD-001,2026-10-01,BENCH-B0140,USD,1.00,Fictitious benchmark row
BANK-USD-001,2026-10-01,BENCH-B0141,USD,1.00,Fictitious benchmark row
BANK-USD-001,2026-10-01,BENCH-B0142,USD,1.00,Fictitious benchmark row
BANK-USD-001,2026-10-01,BENCH-B0143,USD,1.00,Fictitious benchmark row
BANK-USD-001,2026-10-01,BENCH-B0144,USD,1.00,Fictitious benchmark row
BANK-USD-001,2026-10-01,BENCH-B0145,USD,1.00,Fictitious benchmark row
BANK-USD-001,2026-10-01,BENCH-B0146,USD,1.00,Fictitious benchmark row
BANK-USD-001,2026-10-01,BENCH-B0147,USD,1.00,Fictitious benchmark row
BANK-USD-001,2026-10-01,BENCH-B0148,USD,1.00,Fictitious benchmark row
BANK-USD-001,2026-10-01,BENCH-B0149,USD,1.00,Fictitious benchmark row
BANK-USD-001,2026-10-01,BENCH-B0150,USD,1.00,Fictitious benchmark row
BANK-USD-001,2026-10-01,BENCH-B0151,USD,1.00,Fictitious benchmark row
BANK-USD-001,2026-10-01,BENCH-B0152,USD,1.00,Fictitious benchmark row
BANK-USD-001,2026-10-01,BENCH-B0153,USD,1.00,Fictitious benchmark row
BANK-USD-001,2026-10-01,BENCH-B0154,USD,1.00,Fictitious benchmark row
BANK-USD-001,2026-10-01,BENCH-B0155,USD,1.00,Fictitious benchmark row
BANK-USD-001,2026-10-01,BENCH-B0156,USD,1.00,Fictitious benchmark row
BANK-USD-001,2026-10-01,BENCH-B0157,USD,1.00,Fictitious benchmark row
BANK-USD-001,2026-10-01,BENCH-B0158,USD,1.00,Fictitious benchmark row
BANK-USD-001,2026-10-01,BENCH-B0159,USD,1.00,Fictitious benchmark row
BANK-USD-001,2026-10-01,BENCH-B0160,USD,1.00,Fictitious benchmark row
BANK-USD-001,2026-10-01,BENCH-B0161,USD,1.00,Fictitious benchmark row
BANK-USD-001,2026-10-01,BENCH-B0162,USD,1.00,Fictitious benchmark row
BANK-USD-001,2026-10-01,BENCH-B0163,USD,1.00,Fictitious benchmark row
BANK-USD-001,2026-10-01,BENCH-B0164,USD,1.00,Fictitious benchmark row
BANK-USD-001,2026-10-01,BENCH-B0165,USD,1.00,Fictitious benchmark row
BANK-USD-001,2026-10-01,BENCH-B0166,USD,1.00,Fictitious benchmark row
BANK-USD-001,2026-10-01,BENCH-B0167,USD,1.00,Fictitious benchmark row
BANK-USD-001,2026-10-01,BENCH-B0168,USD,1.00,Fictitious benchmark row
BANK-USD-001,2026-10-01,BENCH-B0169,USD,1.00,Fictitious benchmark row
BANK-USD-001,2026-10-01,BENCH-B0170,USD,1.00,Fictitious benchmark row
BANK-USD-001,2026-10-01,BENCH-B0171,USD,1.00,Fictitious benchmark row
BANK-USD-001,2026-10-01,BENCH-B0172,USD,1.00,Fictitious benchmark row
BANK-USD-001,2026-10-01,BENCH-B0173,USD,1.00,Fictitious benchmark row
BANK-USD-001,2026-10-01,BENCH-B0174,USD,1.00,Fictitious benchmark row
BANK-USD-001,2026-10-01,BENCH-B0175,USD,1.00,Fictitious benchmark row
BANK-USD-001,2026-10-01,BENCH-B0176,USD,1.00,Fictitious benchmark row
BANK-USD-001,2026-10-01,BENCH-B0177,USD,1.00,Fictitious benchmark row
BANK-USD-001,2026-10-01,BENCH-B0178,USD,1.00,Fictitious benchmark row
BANK-USD-001,2026-10-01,BENCH-B0179,USD,1.00,Fictitious benchmark row
BANK-USD-001,2026-10-01,BENCH-B0180,USD,1.00,Fictitious benchmark row
BANK-USD-001,2026-10-01,BENCH-B0181,USD,1.00,Fictitious benchmark row
BANK-USD-001,2026-10-01,BENCH-B0182,USD,1.00,Fictitious benchmark row
BANK-USD-001,2026-10-01,BENCH-B0183,USD,1.00,Fictitious benchmark row
BANK-USD-001,2026-10-01,BENCH-B0184,USD,1.00,Fictitious benchmark row
BANK-USD-001,2026-10-01,BENCH-B0185,USD,1.00,Fictitious benchmark row
BANK-USD-001,2026-10-01,BENCH-B0186,USD,1.00,Fictitious benchmark row
BANK-USD-001,2026-10-01,BENCH-B0187,USD,1.00,Fictitious benchmark row
BANK-USD-001,2026-10-01,BENCH-B0188,USD,1.00,Fictitious benchmark row
BANK-USD-001,2026-10-01,BENCH-B0189,USD,1.00,Fictitious benchmark row
BANK-USD-001,2026-10-01,BENCH-B0190,USD,1.00,Fictitious benchmark row
BANK-USD-001,2026-10-01,BENCH-B0191,USD,1.00,Fictitious benchmark row
BANK-USD-001,2026-10-01,BENCH-B0192,USD,1.00,Fictitious benchmark row
BANK-USD-001,2026-10-01,BENCH-B0193,USD,1.00,Fictitious benchmark row
BANK-USD-001,2026-10-01,BENCH-B0194,USD,1.00,Fictitious benchmark row
BANK-USD-001,2026-10-01,BENCH-B0195,USD,1.00,Fictitious benchmark row
BANK-USD-001,2026-10-01,BENCH-B0196,USD,1.00,Fictitious benchmark row
BANK-USD-001,2026-10-01,BENCH-B0197,USD,1.00,Fictitious benchmark row
BANK-USD-001,2026-10-01,BENCH-B0198,USD,1.00,Fictitious benchmark row
BANK-USD-001,2026-10-01,BENCH-B0199,USD,1.00,Fictitious benchmark row
BANK-USD-001,2026-10-01,BENCH-B0200,USD,1.00,Fictitious benchmark row
BANK-USD-001,2026-10-01,BENCH-B0201,USD,1.00,Fictitious benchmark row
BANK-USD-001,2026-10-01,BENCH-B0202,USD,1.00,Fictitious benchmark row
BANK-USD-001,2026-10-01,BENCH-B0203,USD,1.00,Fictitious benchmark row
BANK-USD-001,2026-10-01,BENCH-B0204,USD,1.00,Fictitious benchmark row
BANK-USD-001,2026-10-01,BENCH-B0205,USD,1.00,Fictitious benchmark row
BANK-USD-001,2026-10-01,BENCH-B0206,USD,1.00,Fictitious benchmark row
BANK-USD-001,2026-10-01,BENCH-B0207,USD,1.00,Fictitious benchmark row
BANK-USD-001,2026-10-01,BENCH-B0208,USD,1.00,Fictitious benchmark row
BANK-USD-001,2026-10-01,BENCH-B0209,USD,1.00,Fictitious benchmark row
BANK-USD-001,2026-10-01,BENCH-B0210,USD,1.00,Fictitious benchmark row
BANK-USD-001,2026-10-01,BENCH-B0211,USD,1.00,Fictitious benchmark row
BANK-USD-001,2026-10-01,BENCH-B0212,USD,1.00,Fictitious benchmark row
BANK-USD-001,2026-10-01,BENCH-B0213,USD,1.00,Fictitious benchmark row
BANK-USD-001,2026-10-01,BENCH-B0214,USD,1.00,Fictitious benchmark row
BANK-USD-001,2026-10-01,BENCH-B0215,USD,1.00,Fictitious benchmark row
BANK-USD-001,2026-10-01,BENCH-B0216,USD,1.00,Fictitious benchmark row
BANK-USD-001,2026-10-01,BENCH-B0217,USD,1.00,Fictitious benchmark row
BANK-USD-001,2026-10-01,BENCH-B0218,USD,1.00,Fictitious benchmark row
BANK-USD-001,2026-10-01,BENCH-B0219,USD,1.00,Fictitious benchmark row
BANK-USD-001,2026-10-01,BENCH-B0220,USD,1.00,Fictitious benchmark row
BANK-USD-001,2026-10-01,BENCH-B0221,USD,1.00,Fictitious benchmark row
BANK-USD-001,2026-10-01,BENCH-B0222,USD,1.00,Fictitious benchmark row
BANK-USD-001,2026-10-01,BENCH-B0223,USD,1.00,Fictitious benchmark row
BANK-USD-001,2026-10-01,BENCH-B0224,USD,1.00,Fictitious benchmark row
BANK-USD-001,2026-10-01,BENCH-B0225,USD,1.00,Fictitious benchmark row
BANK-USD-001,2026-10-01,BENCH-B0226,USD,1.00,Fictitious benchmark row
BANK-USD-001,2026-10-01,BENCH-B0227,USD,1.00,Fictitious benchmark row
BANK-USD-001,2026-10-01,BENCH-B0228,USD,1.00,Fictitious benchmark row
BANK-USD-001,2026-10-01,BENCH-B0229,USD,1.00,Fictitious benchmark row
BANK-USD-001,2026-10-01,BENCH-B0230,USD,1.00,Fictitious benchmark row
BANK-USD-001,2026-10-01,BENCH-B0231,USD,1.00,Fictitious benchmark row
BANK-USD-001,2026-10-01,BENCH-B0232,USD,1.00,Fictitious benchmark row
BANK-USD-001,2026-10-01,BENCH-B0233,USD,1.00,Fictitious benchmark row
BANK-USD-001,2026-10-01,BENCH-B0234,USD,1.00,Fictitious benchmark row
BANK-USD-001,2026-10-01,BENCH-B0235,USD,1.00,Fictitious benchmark row
BANK-USD-001,2026-10-01,BENCH-B0236,USD,1.00,Fictitious benchmark row
BANK-USD-001,2026-10-01,BENCH-B0237,USD,1.00,Fictitious benchmark row
BANK-USD-001,2026-10-01,BENCH-B0238,USD,1.00,Fictitious benchmark row
BANK-USD-001,2026-10-01,BENCH-B0239,USD,1.00,Fictitious benchmark row
BANK-USD-001,2026-10-01,BENCH-B0240,USD,1.00,Fictitious benchmark row
BANK-USD-001,2026-10-01,BENCH-B0241,USD,1.00,Fictitious benchmark row
BANK-USD-001,2026-10-01,BENCH-B0242,USD,1.00,Fictitious benchmark row
BANK-USD-001,2026-10-01,BENCH-B0243,USD,1.00,Fictitious benchmark row
BANK-USD-001,2026-10-01,BENCH-B0244,USD,1.00,Fictitious benchmark row
BANK-USD-001,2026-10-01,BENCH-B0245,USD,1.00,Fictitious benchmark row
BANK-USD-001,2026-10-01,BENCH-B0246,USD,1.00,Fictitious benchmark row
BANK-USD-001,2026-10-01,BENCH-B0247,USD,1.00,Fictitious benchmark row
BANK-USD-001,2026-10-01,BENCH-B0248,USD,1.00,Fictitious benchmark row
BANK-USD-001,2026-10-01,BENCH-B0249,USD,1.00,Fictitious benchmark row
BANK-USD-001,2026-10-01,BENCH-B0250,USD,1.00,Fictitious benchmark row
BANK-USD-001,2026-10-01,BENCH-B0251,USD,1.00,Fictitious benchmark row
BANK-USD-001,2026-10-01,BENCH-B0252,USD,1.00,Fictitious benchmark row
BANK-USD-001,2026-10-01,BENCH-B0253,USD,1.00,Fictitious benchmark row
BANK-USD-001,2026-10-01,BENCH-B0254,USD,1.00,Fictitious benchmark row
BANK-USD-001,2026-10-01,BENCH-B0255,USD,1.00,Fictitious benchmark row
BANK-USD-001,2026-10-01,BENCH-B0256,USD,1.00,Fictitious benchmark row
BANK-USD-001,2026-10-01,BENCH-B0257,USD,1.00,Fictitious benchmark row
BANK-USD-001,2026-10-01,BENCH-B0258,USD,1.00,Fictitious benchmark row
BANK-USD-001,2026-10-01,BENCH-B0259,USD,1.00,Fictitious benchmark row
BANK-USD-001,2026-10-01,BENCH-B0260,USD,1.00,Fictitious benchmark row
BANK-USD-001,2026-10-01,BENCH-B0261,USD,1.00,Fictitious benchmark row
BANK-USD-001,2026-10-01,BENCH-B0262,USD,1.00,Fictitious benchmark row
BANK-USD-001,2026-10-01,BENCH-B0263,USD,1.00,Fictitious benchmark row
BANK-USD-001,2026-10-01,BENCH-B0264,USD,1.00,Fictitious benchmark row
BANK-USD-001,2026-10-01,BENCH-B0265,USD,1.00,Fictitious benchmark row
BANK-USD-001,2026-10-01,BENCH-B0266,USD,1.00,Fictitious benchmark row
BANK-USD-001,2026-10-01,BENCH-B0267,USD,1.00,Fictitious benchmark row
BANK-USD-001,2026-10-01,BENCH-B0268,USD,1.00,Fictitious benchmark row
BANK-USD-001,2026-10-01,BENCH-B0269,USD,1.00,Fictitious benchmark row
BANK-USD-001,2026-10-01,BENCH-B0270,USD,1.00,Fictitious benchmark row
BANK-USD-001,2026-10-01,BENCH-B0271,USD,1.00,Fictitious benchmark row
BANK-USD-001,2026-10-01,BENCH-B0272,USD,1.00,Fictitious benchmark row
BANK-USD-001,2026-10-01,BENCH-B0273,USD,1.00,Fictitious benchmark row
BANK-USD-001,2026-10-01,BENCH-B0274,USD,1.00,Fictitious benchmark row
BANK-USD-001,2026-10-01,BENCH-B0275,USD,1.00,Fictitious benchmark row
BANK-USD-001,2026-10-01,BENCH-B0276,USD,1.00,Fictitious benchmark row
BANK-USD-001,2026-10-01,BENCH-B0277,USD,1.00,Fictitious benchmark row
BANK-USD-001,2026-10-01,BENCH-B0278,USD,1.00,Fictitious benchmark row
BANK-USD-001,2026-10-01,BENCH-B0279,USD,1.00,Fictitious benchmark row
BANK-USD-001,2026-10-01,BENCH-B0280,USD,1.00,Fictitious benchmark row
BANK-USD-001,2026-10-01,BENCH-B0281,USD,1.00,Fictitious benchmark row
BANK-USD-001,2026-10-01,BENCH-B0282,USD,1.00,Fictitious benchmark row
BANK-USD-001,2026-10-01,BENCH-B0283,USD,1.00,Fictitious benchmark row
BANK-USD-001,2026-10-01,BENCH-B0284,USD,1.00,Fictitious benchmark row
BANK-USD-001,2026-10-01,BENCH-B0285,USD,1.00,Fictitious benchmark row
BANK-USD-001,2026-10-01,BENCH-B0286,USD,1.00,Fictitious benchmark row
BANK-USD-001,2026-10-01,BENCH-B0287,USD,1.00,Fictitious benchmark row
BANK-USD-001,2026-10-01,BENCH-B0288,USD,1.00,Fictitious benchmark row
BANK-USD-001,2026-10-01,BENCH-B0289,USD,1.00,Fictitious benchmark row
BANK-USD-001,2026-10-01,BENCH-B0290,USD,1.00,Fictitious benchmark row
BANK-USD-001,2026-10-01,BENCH-B0291,USD,1.00,Fictitious benchmark row
BANK-USD-001,2026-10-01,BENCH-B0292,USD,1.00,Fictitious benchmark row
BANK-USD-001,2026-10-01,BENCH-B0293,USD,1.00,Fictitious benchmark row
BANK-USD-001,2026-10-01,BENCH-B0294,USD,1.00,Fictitious benchmark row
BANK-USD-001,2026-10-01,BENCH-B0295,USD,1.00,Fictitious benchmark row
BANK-USD-001,2026-10-01,BENCH-B0296,USD,1.00,Fictitious benchmark row
BANK-USD-001,2026-10-01,BENCH-B0297,USD,1.00,Fictitious benchmark row
BANK-USD-001,2026-10-01,BENCH-B0298,USD,1.00,Fictitious benchmark row
BANK-USD-001,2026-10-01,BENCH-B0299,USD,1.00,Fictitious benchmark row
BANK-USD-001,2026-10-01,BENCH-B0300,USD,1.00,Fictitious benchmark row
BANK-USD-001,2026-10-01,BENCH-B0301,USD,1.00,Fictitious benchmark row
BANK-USD-001,2026-10-01,BENCH-B0302,USD,1.00,Fictitious benchmark row
BANK-USD-001,2026-10-01,BENCH-B0303,USD,1.00,Fictitious benchmark row
BANK-USD-001,2026-10-01,BENCH-B0304,USD,1.00,Fictitious benchmark row
BANK-USD-001,2026-10-01,BENCH-B0305,USD,1.00,Fictitious benchmark row
BANK-USD-001,2026-10-01,BENCH-B0306,USD,1.00,Fictitious benchmark row
BANK-USD-001,2026-10-01,BENCH-B0307,USD,1.00,Fictitious benchmark row
BANK-USD-001,2026-10-01,BENCH-B0308,USD,1.00,Fictitious benchmark row
BANK-USD-001,2026-10-01,BENCH-B0309,USD,1.00,Fictitious benchmark row
BANK-USD-001,2026-10-01,BENCH-B0310,USD,1.00,Fictitious benchmark row
BANK-USD-001,2026-10-01,BENCH-B0311,USD,1.00,Fictitious benchmark row
BANK-USD-001,2026-10-01,BENCH-B0312,USD,1.00,Fictitious benchmark row
BANK-USD-001,2026-10-01,BENCH-B0313,USD,1.00,Fictitious benchmark row
BANK-USD-001,2026-10-01,BENCH-B0314,USD,1.00,Fictitious benchmark row
BANK-USD-001,2026-10-01,BENCH-B0315,USD,1.00,Fictitious benchmark row
BANK-USD-001,2026-10-01,BENCH-B0316,USD,1.00,Fictitious benchmark row
BANK-USD-001,2026-10-01,BENCH-B0317,USD,1.00,Fictitious benchmark row
BANK-USD-001,2026-10-01,BENCH-B0318,USD,1.00,Fictitious benchmark row
BANK-USD-001,2026-10-01,BENCH-B0319,USD,1.00,Fictitious benchmark row
BANK-USD-001,2026-10-01,BENCH-B0320,USD,1.00,Fictitious benchmark row
BANK-USD-001,2026-10-01,BENCH-B0321,USD,1.00,Fictitious benchmark row
BANK-USD-001,2026-10-01,BENCH-B0322,USD,1.00,Fictitious benchmark row
BANK-USD-001,2026-10-01,BENCH-B0323,USD,1.00,Fictitious benchmark row
BANK-USD-001,2026-10-01,BENCH-B0324,USD,1.00,Fictitious benchmark row
BANK-USD-001,2026-10-01,BENCH-B0325,USD,1.00,Fictitious benchmark row
BANK-USD-001,2026-10-01,BENCH-B0326,USD,1.00,Fictitious benchmark row
BANK-USD-001,2026-10-01,BENCH-B0327,USD,1.00,Fictitious benchmark row
BANK-USD-001,2026-10-01,BENCH-B0328,USD,1.00,Fictitious benchmark row
BANK-USD-001,2026-10-01,BENCH-B0329,USD,1.00,Fictitious benchmark row
BANK-USD-001,2026-10-01,BENCH-B0330,USD,1.00,Fictitious benchmark row
BANK-USD-001,2026-10-01,BENCH-B0331,USD,1.00,Fictitious benchmark row
BANK-USD-001,2026-10-01,BENCH-B0332,USD,1.00,Fictitious benchmark row
BANK-USD-001,2026-10-01,BENCH-B0333,USD,1.00,Fictitious benchmark row
BANK-USD-001,2026-10-01,BENCH-B0334,USD,1.00,Fictitious benchmark row
BANK-USD-001,2026-10-01,BENCH-B0335,USD,1.00,Fictitious benchmark row
BANK-USD-001,2026-10-01,BENCH-B0336,USD,1.00,Fictitious benchmark row
BANK-USD-001,2026-10-01,BENCH-B0337,USD,1.00,Fictitious benchmark row
BANK-USD-001,2026-10-01,BENCH-B0338,USD,1.00,Fictitious benchmark row
BANK-USD-001,2026-10-01,BENCH-B0339,USD,1.00,Fictitious benchmark row
BANK-USD-001,2026-10-01,BENCH-B0340,USD,1.00,Fictitious benchmark row
BANK-USD-001,2026-10-01,BENCH-B0341,USD,1.00,Fictitious benchmark row
BANK-USD-001,2026-10-01,BENCH-B0342,USD,1.00,Fictitious benchmark row
BANK-USD-001,2026-10-01,BENCH-B0343,USD,1.00,Fictitious benchmark row
BANK-USD-001,2026-10-01,BENCH-B0344,USD,1.00,Fictitious benchmark row
BANK-USD-001,2026-10-01,BENCH-B0345,USD,1.00,Fictitious benchmark row
BANK-USD-001,2026-10-01,BENCH-B0346,USD,1.00,Fictitious benchmark row
BANK-USD-001,2026-10-01,BENCH-B0347,USD,1.00,Fictitious benchmark row
BANK-USD-001,2026-10-01,BENCH-B0348,USD,1.00,Fictitious benchmark row
BANK-USD-001,2026-10-01,BENCH-B0349,USD,1.00,Fictitious benchmark row
BANK-USD-001,2026-10-01,BENCH-B0350,USD,1.00,Fictitious benchmark row
BANK-USD-001,2026-10-01,BENCH-B0351,USD,1.00,Fictitious benchmark row
BANK-USD-001,2026-10-01,BENCH-B0352,USD,1.00,Fictitious benchmark row
BANK-USD-001,2026-10-01,BENCH-B0353,USD,1.00,Fictitious benchmark row
BANK-USD-001,2026-10-01,BENCH-B0354,USD,1.00,Fictitious benchmark row
BANK-USD-001,2026-10-01,BENCH-B0355,USD,1.00,Fictitious benchmark row
BANK-USD-001,2026-10-01,BENCH-B0356,USD,1.00,Fictitious benchmark row
BANK-USD-001,2026-10-01,BENCH-B0357,USD,1.00,Fictitious benchmark row
BANK-USD-001,2026-10-01,BENCH-B0358,USD,1.00,Fictitious benchmark row
BANK-USD-001,2026-10-01,BENCH-B0359,USD,1.00,Fictitious benchmark row
BANK-USD-001,2026-10-01,BENCH-B0360,USD,1.00,Fictitious benchmark row
BANK-USD-001,2026-10-01,BENCH-B0361,USD,1.00,Fictitious benchmark row
BANK-USD-001,2026-10-01,BENCH-B0362,USD,1.00,Fictitious benchmark row
BANK-USD-001,2026-10-01,BENCH-B0363,USD,1.00,Fictitious benchmark row
BANK-USD-001,2026-10-01,BENCH-B0364,USD,1.00,Fictitious benchmark row
BANK-USD-001,2026-10-01,BENCH-B0365,USD,1.00,Fictitious benchmark row
BANK-USD-001,2026-10-01,BENCH-B0366,USD,1.00,Fictitious benchmark row
BANK-USD-001,2026-10-01,BENCH-B0367,USD,1.00,Fictitious benchmark row
BANK-USD-001,2026-10-01,BENCH-B0368,USD,1.00,Fictitious benchmark row
BANK-USD-001,2026-10-01,BENCH-B0369,USD,1.00,Fictitious benchmark row
BANK-USD-001,2026-10-01,BENCH-B0370,USD,1.00,Fictitious benchmark row
BANK-USD-001,2026-10-01,BENCH-B0371,USD,1.00,Fictitious benchmark row
BANK-USD-001,2026-10-01,BENCH-B0372,USD,1.00,Fictitious benchmark row
BANK-USD-001,2026-10-01,BENCH-B0373,USD,1.00,Fictitious benchmark row
BANK-USD-001,2026-10-01,BENCH-B0374,USD,1.00,Fictitious benchmark row
BANK-USD-001,2026-10-01,BENCH-B0375,USD,1.00,Fictitious benchmark row
BANK-USD-001,2026-10-01,BENCH-B0376,USD,1.00,Fictitious benchmark row
BANK-USD-001,2026-10-01,BENCH-B0377,USD,1.00,Fictitious benchmark row
BANK-USD-001,2026-10-01,BENCH-B0378,USD,1.00,Fictitious benchmark row
BANK-USD-001,2026-10-01,BENCH-B0379,USD,1.00,Fictitious benchmark row
BANK-USD-001,2026-10-01,BENCH-B0380,USD,1.00,Fictitious benchmark row
BANK-USD-001,2026-10-01,BENCH-B0381,USD,1.00,Fictitious benchmark row
BANK-USD-001,2026-10-01,BENCH-B0382,USD,1.00,Fictitious benchmark row
BANK-USD-001,2026-10-01,BENCH-B0383,USD,1.00,Fictitious benchmark row
BANK-USD-001,2026-10-01,BENCH-B0384,USD,1.00,Fictitious benchmark row
BANK-USD-001,2026-10-01,BENCH-B0385,USD,1.00,Fictitious benchmark row
BANK-USD-001,2026-10-01,BENCH-B0386,USD,1.00,Fictitious benchmark row
BANK-USD-001,2026-10-01,BENCH-B0387,USD,1.00,Fictitious benchmark row
BANK-USD-001,2026-10-01,BENCH-B0388,USD,1.00,Fictitious benchmark row
BANK-USD-001,2026-10-01,BENCH-B0389,USD,1.00,Fictitious benchmark row
BANK-USD-001,2026-10-01,BENCH-B0390,USD,1.00,Fictitious benchmark row
BANK-USD-001,2026-10-01,BENCH-B0391,USD,1.00,Fictitious benchmark row
BANK-USD-001,2026-10-01,BENCH-B0392,USD,1.00,Fictitious benchmark row
BANK-USD-001,2026-10-01,BENCH-B0393,USD,1.00,Fictitious benchmark row
BANK-USD-001,2026-10-01,BENCH-B0394,USD,1.00,Fictitious benchmark row
BANK-USD-001,2026-10-01,BENCH-B0395,USD,1.00,Fictitious benchmark row
BANK-USD-001,2026-10-01,BENCH-B0396,USD,1.00,Fictitious benchmark row
BANK-USD-001,2026-10-01,BENCH-B0397,USD,1.00,Fictitious benchmark row
BANK-USD-001,2026-10-01,BENCH-B0398,USD,1.00,Fictitious benchmark row
BANK-USD-001,2026-10-01,BENCH-B0399,USD,1.00,Fictitious benchmark row
BANK-USD-001,2026-10-01,BENCH-B0400,USD,1.00,Fictitious benchmark row
BANK-USD-001,2026-10-01,BENCH-B0401,USD,1.00,Fictitious benchmark row
BANK-USD-001,2026-10-01,BENCH-B0402,USD,1.00,Fictitious benchmark row
BANK-USD-001,2026-10-01,BENCH-B0403,USD,1.00,Fictitious benchmark row
BANK-USD-001,2026-10-01,BENCH-B0404,USD,1.00,Fictitious benchmark row
BANK-USD-001,2026-10-01,BENCH-B0405,USD,1.00,Fictitious benchmark row
BANK-USD-001,2026-10-01,BENCH-B0406,USD,1.00,Fictitious benchmark row
BANK-USD-001,2026-10-01,BENCH-B0407,USD,1.00,Fictitious benchmark row
BANK-USD-001,2026-10-01,BENCH-B0408,USD,1.00,Fictitious benchmark row
BANK-USD-001,2026-10-01,BENCH-B0409,USD,1.00,Fictitious benchmark row
BANK-USD-001,2026-10-01,BENCH-B0410,USD,1.00,Fictitious benchmark row
BANK-USD-001,2026-10-01,BENCH-B0411,USD,1.00,Fictitious benchmark row
BANK-USD-001,2026-10-01,BENCH-B0412,USD,1.00,Fictitious benchmark row
BANK-USD-001,2026-10-01,BENCH-B0413,USD,1.00,Fictitious benchmark row
BANK-USD-001,2026-10-01,BENCH-B0414,USD,1.00,Fictitious benchmark row
BANK-USD-001,2026-10-01,BENCH-B0415,USD,1.00,Fictitious benchmark row
BANK-USD-001,2026-10-01,BENCH-B0416,USD,1.00,Fictitious benchmark row
BANK-USD-001,2026-10-01,BENCH-B0417,USD,1.00,Fictitious benchmark row
BANK-USD-001,2026-10-01,BENCH-B0418,USD,1.00,Fictitious benchmark row
BANK-USD-001,2026-10-01,BENCH-B0419,USD,1.00,Fictitious benchmark row
BANK-USD-001,2026-10-01,BENCH-B0420,USD,1.00,Fictitious benchmark row
BANK-USD-001,2026-10-01,BENCH-B0421,USD,1.00,Fictitious benchmark row
BANK-USD-001,2026-10-01,BENCH-B0422,USD,1.00,Fictitious benchmark row
BANK-USD-001,2026-10-01,BENCH-B0423,USD,1.00,Fictitious benchmark row
BANK-USD-001,2026-10-01,BENCH-B0424,USD,1.00,Fictitious benchmark row
BANK-USD-001,2026-10-01,BENCH-B0425,USD,1.00,Fictitious benchmark row
BANK-USD-001,2026-10-01,BENCH-B0426,USD,1.00,Fictitious benchmark row
BANK-USD-001,2026-10-01,BENCH-B0427,USD,1.00,Fictitious benchmark row
BANK-USD-001,2026-10-01,BENCH-B0428,USD,1.00,Fictitious benchmark row
BANK-USD-001,2026-10-01,BENCH-B0429,USD,1.00,Fictitious benchmark row
BANK-USD-001,2026-10-01,BENCH-B0430,USD,1.00,Fictitious benchmark row
BANK-USD-001,2026-10-01,BENCH-B0431,USD,1.00,Fictitious benchmark row
BANK-USD-001,2026-10-01,BENCH-B0432,USD,1.00,Fictitious benchmark row
BANK-USD-001,2026-10-01,BENCH-B0433,USD,1.00,Fictitious benchmark row
BANK-USD-001,2026-10-01,BENCH-B0434,USD,1.00,Fictitious benchmark row
BANK-USD-001,2026-10-01,BENCH-B0435,USD,1.00,Fictitious benchmark row
BANK-USD-001,2026-10-01,BENCH-B0436,USD,1.00,Fictitious benchmark row
BANK-USD-001,2026-10-01,BENCH-B0437,USD,1.00,Fictitious benchmark row
BANK-USD-001,2026-10-01,BENCH-B0438,USD,1.00,Fictitious benchmark row
BANK-USD-001,2026-10-01,BENCH-B0439,USD,1.00,Fictitious benchmark row
BANK-USD-001,2026-10-01,BENCH-B0440,USD,1.00,Fictitious benchmark row
BANK-USD-001,2026-10-01,BENCH-B0441,USD,1.00,Fictitious benchmark row
BANK-USD-001,2026-10-01,BENCH-B0442,USD,1.00,Fictitious benchmark row
BANK-USD-001,2026-10-01,BENCH-B0443,USD,1.00,Fictitious benchmark row
BANK-USD-001,2026-10-01,BENCH-B0444,USD,1.00,Fictitious benchmark row
BANK-USD-001,2026-10-01,BENCH-B0445,USD,1.00,Fictitious benchmark row
BANK-USD-001,2026-10-01,BENCH-B0446,USD,1.00,Fictitious benchmark row
BANK-USD-001,2026-10-01,BENCH-B0447,USD,1.00,Fictitious benchmark row
BANK-USD-001,2026-10-01,BENCH-B0448,USD,1.00,Fictitious benchmark row
BANK-USD-001,2026-10-01,BENCH-B0449,USD,1.00,Fictitious benchmark row
BANK-USD-001,2026-10-01,BENCH-B0450,USD,1.00,Fictitious benchmark row
BANK-USD-001,2026-10-01,BENCH-B0451,USD,1.00,Fictitious benchmark row
BANK-USD-001,2026-10-01,BENCH-B0452,USD,1.00,Fictitious benchmark row
BANK-USD-001,2026-10-01,BENCH-B0453,USD,1.00,Fictitious benchmark row
BANK-USD-001,2026-10-01,BENCH-B0454,USD,1.00,Fictitious benchmark row
BANK-USD-001,2026-10-01,BENCH-B0455,USD,1.00,Fictitious benchmark row
BANK-USD-001,2026-10-01,BENCH-B0456,USD,1.00,Fictitious benchmark row
BANK-USD-001,2026-10-01,BENCH-B0457,USD,1.00,Fictitious benchmark row
BANK-USD-001,2026-10-01,BENCH-B0458,USD,1.00,Fictitious benchmark row
BANK-USD-001,2026-10-01,BENCH-B0459,USD,1.00,Fictitious benchmark row
BANK-USD-001,2026-10-01,BENCH-B0460,USD,1.00,Fictitious benchmark row
BANK-USD-001,2026-10-01,BENCH-B0461,USD,1.00,Fictitious benchmark row
BANK-USD-001,2026-10-01,BENCH-B0462,USD,1.00,Fictitious benchmark row
BANK-USD-001,2026-10-01,BENCH-B0463,USD,1.00,Fictitious benchmark row
BANK-USD-001,2026-10-01,BENCH-B0464,USD,1.00,Fictitious benchmark row
BANK-USD-001,2026-10-01,BENCH-B0465,USD,1.00,Fictitious benchmark row
BANK-USD-001,2026-10-01,BENCH-B0466,USD,1.00,Fictitious benchmark row
BANK-USD-001,2026-10-01,BENCH-B0467,USD,1.00,Fictitious benchmark row
BANK-USD-001,2026-10-01,BENCH-B0468,USD,1.00,Fictitious benchmark row
BANK-USD-001,2026-10-01,BENCH-B0469,USD,1.00,Fictitious benchmark row
BANK-USD-001,2026-10-01,BENCH-B0470,USD,1.00,Fictitious benchmark row
BANK-USD-001,2026-10-01,BENCH-B0471,USD,1.00,Fictitious benchmark row
BANK-USD-001,2026-10-01,BENCH-B0472,USD,1.00,Fictitious benchmark row
BANK-USD-001,2026-10-01,BENCH-B0473,USD,1.00,Fictitious benchmark row
BANK-USD-001,2026-10-01,BENCH-B0474,USD,1.00,Fictitious benchmark row
BANK-USD-001,2026-10-01,BENCH-B0475,USD,1.00,Fictitious benchmark row
BANK-USD-001,2026-10-01,BENCH-B0476,USD,1.00,Fictitious benchmark row
BANK-USD-001,2026-10-01,BENCH-B0477,USD,1.00,Fictitious benchmark row
BANK-USD-001,2026-10-01,BENCH-B0478,USD,1.00,Fictitious benchmark row
BANK-USD-001,2026-10-01,BENCH-B0479,USD,1.00,Fictitious benchmark row
BANK-USD-001,2026-10-01,BENCH-B0480,USD,1.00,Fictitious benchmark row
BANK-USD-001,2026-10-01,BENCH-B0481,USD,1.00,Fictitious benchmark row
BANK-USD-001,2026-10-01,BENCH-B0482,USD,1.00,Fictitious benchmark row
BANK-USD-001,2026-10-01,BENCH-B0483,USD,1.00,Fictitious benchmark row
BANK-USD-001,2026-10-01,BENCH-B0484,USD,1.00,Fictitious benchmark row
BANK-USD-001,2026-10-01,BENCH-B0485,USD,1.00,Fictitious benchmark row
BANK-USD-001,2026-10-01,BENCH-B0486,USD,1.00,Fictitious benchmark row
BANK-USD-001,2026-10-01,BENCH-B0487,USD,1.00,Fictitious benchmark row
BANK-USD-001,2026-10-01,BENCH-B0488,USD,1.00,Fictitious benchmark row
BANK-USD-001,2026-10-01,BENCH-B0489,USD,1.00,Fictitious benchmark row
BANK-USD-001,2026-10-01,BENCH-B0490,USD,1.00,Fictitious benchmark row
BANK-USD-001,2026-10-01,BENCH-B0491,USD,1.00,Fictitious benchmark row
BANK-USD-001,2026-10-01,BENCH-B0492,USD,1.00,Fictitious benchmark row
BANK-USD-001,2026-10-01,BENCH-B0493,USD,1.00,Fictitious benchmark row
BANK-USD-001,2026-10-01,BENCH-B0494,USD,1.00,Fictitious benchmark row
BANK-USD-001,2026-10-01,BENCH-B0495,USD,1.00,Fictitious benchmark row
BANK-USD-001,2026-10-01,BENCH-B0496,USD,1.00,Fictitious benchmark row
BANK-USD-001,2026-10-01,BENCH-B0497,USD,1.00,Fictitious benchmark row
BANK-USD-001,2026-10-01,BENCH-B0498,USD,1.00,Fictitious benchmark row
BANK-USD-001,2026-10-01,BENCH-B0499,USD,1.00,Fictitious benchmark row
BANK-USD-001,2026-10-01,BENCH-B0500,USD,1.00,Fictitious benchmark row
BANK-USD-001,2026-10-01,BENCH-B0501,USD,1.00,Fictitious benchmark row
BANK-USD-001,2026-10-01,BENCH-B0502,USD,1.00,Fictitious benchmark row
BANK-USD-001,2026-10-01,BENCH-B0503,USD,1.00,Fictitious benchmark row
BANK-USD-001,2026-10-01,BENCH-B0504,USD,1.00,Fictitious benchmark row
BANK-USD-001,2026-10-01,BENCH-B0505,USD,1.00,Fictitious benchmark row
BANK-USD-001,2026-10-01,BENCH-B0506,USD,1.00,Fictitious benchmark row
BANK-USD-001,2026-10-01,BENCH-B0507,USD,1.00,Fictitious benchmark row
BANK-USD-001,2026-10-01,BENCH-B0508,USD,1.00,Fictitious benchmark row
BANK-USD-001,2026-10-01,BENCH-B0509,USD,1.00,Fictitious benchmark row
BANK-USD-001,2026-10-01,BENCH-B0510,USD,1.00,Fictitious benchmark row
BANK-USD-001,2026-10-01,BENCH-B0511,USD,1.00,Fictitious benchmark row
BANK-USD-001,2026-10-01,BENCH-B0512,USD,1.00,Fictitious benchmark row
BANK-USD-001,2026-10-01,BENCH-B0513,USD,1.00,Fictitious benchmark row
BANK-USD-001,2026-10-01,BENCH-B0514,USD,1.00,Fictitious benchmark row
BANK-USD-001,2026-10-01,BENCH-B0515,USD,1.00,Fictitious benchmark row
BANK-USD-001,2026-10-01,BENCH-B0516,USD,1.00,Fictitious benchmark row
BANK-USD-001,2026-10-01,BENCH-B0517,USD,1.00,Fictitious benchmark row
BANK-USD-001,2026-10-01,BENCH-B0518,USD,1.00,Fictitious benchmark row
BANK-USD-001,2026-10-01,BENCH-B0519,USD,1.00,Fictitious benchmark row
BANK-USD-001,2026-10-01,BENCH-B0520,USD,1.00,Fictitious benchmark row
BANK-USD-001,2026-10-01,BENCH-B0521,USD,1.00,Fictitious benchmark row
BANK-USD-001,2026-10-01,BENCH-B0522,USD,1.00,Fictitious benchmark row
BANK-USD-001,2026-10-01,BENCH-B0523,USD,1.00,Fictitious benchmark row
BANK-USD-001,2026-10-01,BENCH-B0524,USD,1.00,Fictitious benchmark row
BANK-USD-001,2026-10-01,BENCH-B0525,USD,1.00,Fictitious benchmark row
BANK-USD-001,2026-10-01,BENCH-B0526,USD,1.00,Fictitious benchmark row
BANK-USD-001,2026-10-01,BENCH-B0527,USD,1.00,Fictitious benchmark row
BANK-USD-001,2026-10-01,BENCH-B0528,USD,1.00,Fictitious benchmark row
BANK-USD-001,2026-10-01,BENCH-B0529,USD,1.00,Fictitious benchmark row
BANK-USD-001,2026-10-01,BENCH-B0530,USD,1.00,Fictitious benchmark row
BANK-USD-001,2026-10-01,BENCH-B0531,USD,1.00,Fictitious benchmark row
BANK-USD-001,2026-10-01,BENCH-B0532,USD,1.00,Fictitious benchmark row
BANK-USD-001,2026-10-01,BENCH-B0533,USD,1.00,Fictitious benchmark row
BANK-USD-001,2026-10-01,BENCH-B0534,USD,1.00,Fictitious benchmark row
BANK-USD-001,2026-10-01,BENCH-B0535,USD,1.00,Fictitious benchmark row
BANK-USD-001,2026-10-01,BENCH-B0536,USD,1.00,Fictitious benchmark row
BANK-USD-001,2026-10-01,BENCH-B0537,USD,1.00,Fictitious benchmark row
BANK-USD-001,2026-10-01,BENCH-B0538,USD,1.00,Fictitious benchmark row
BANK-USD-001,2026-10-01,BENCH-B0539,USD,1.00,Fictitious benchmark row
BANK-USD-001,2026-10-01,BENCH-B0540,USD,1.00,Fictitious benchmark row
BANK-USD-001,2026-10-01,BENCH-B0541,USD,1.00,Fictitious benchmark row
BANK-USD-001,2026-10-01,BENCH-B0542,USD,1.00,Fictitious benchmark row
BANK-USD-001,2026-10-01,BENCH-B0543,USD,1.00,Fictitious benchmark row
BANK-USD-001,2026-10-01,BENCH-B0544,USD,1.00,Fictitious benchmark row
BANK-USD-001,2026-10-01,BENCH-B0545,USD,1.00,Fictitious benchmark row
BANK-USD-001,2026-10-01,BENCH-B0546,USD,1.00,Fictitious benchmark row
BANK-USD-001,2026-10-01,BENCH-B0547,USD,1.00,Fictitious benchmark row
BANK-USD-001,2026-10-01,BENCH-B0548,USD,1.00,Fictitious benchmark row
BANK-USD-001,2026-10-01,BENCH-B0549,USD,1.00,Fictitious benchmark row
BANK-USD-001,2026-10-01,BENCH-B0550,USD,1.00,Fictitious benchmark row
BANK-USD-001,2026-10-01,BENCH-B0551,USD,1.00,Fictitious benchmark row
BANK-USD-001,2026-10-01,BENCH-B0552,USD,1.00,Fictitious benchmark row
BANK-USD-001,2026-10-01,BENCH-B0553,USD,1.00,Fictitious benchmark row
BANK-USD-001,2026-10-01,BENCH-B0554,USD,1.00,Fictitious benchmark row
BANK-USD-001,2026-10-01,BENCH-B0555,USD,1.00,Fictitious benchmark row
BANK-USD-001,2026-10-01,BENCH-B0556,USD,1.00,Fictitious benchmark row
BANK-USD-001,2026-10-01,BENCH-B0557,USD,1.00,Fictitious benchmark row
BANK-USD-001,2026-10-01,BENCH-B0558,USD,1.00,Fictitious benchmark row
BANK-USD-001,2026-10-01,BENCH-B0559,USD,1.00,Fictitious benchmark row
BANK-USD-001,2026-10-01,BENCH-B0560,USD,1.00,Fictitious benchmark row
BANK-USD-001,2026-10-01,BENCH-B0561,USD,1.00,Fictitious benchmark row
BANK-USD-001,2026-10-01,BENCH-B0562,USD,1.00,Fictitious benchmark row
BANK-USD-001,2026-10-01,BENCH-B0563,USD,1.00,Fictitious benchmark row
BANK-USD-001,2026-10-01,BENCH-B0564,USD,1.00,Fictitious benchmark row
BANK-USD-001,2026-10-01,BENCH-B0565,USD,1.00,Fictitious benchmark row
BANK-USD-001,2026-10-01,BENCH-B0566,USD,1.00,Fictitious benchmark row
BANK-USD-001,2026-10-01,BENCH-B0567,USD,1.00,Fictitious benchmark row
BANK-USD-001,2026-10-01,BENCH-B0568,USD,1.00,Fictitious benchmark row
BANK-USD-001,2026-10-01,BENCH-B0569,USD,1.00,Fictitious benchmark row
BANK-USD-001,2026-10-01,BENCH-B0570,USD,1.00,Fictitious benchmark row
BANK-USD-001,2026-10-01,BENCH-B0571,USD,1.00,Fictitious benchmark row
BANK-USD-001,2026-10-01,BENCH-B0572,USD,1.00,Fictitious benchmark row
BANK-USD-001,2026-10-01,BENCH-B0573,USD,1.00,Fictitious benchmark row
BANK-USD-001,2026-10-01,BENCH-B0574,USD,1.00,Fictitious benchmark row
BANK-USD-001,2026-10-01,BENCH-B0575,USD,1.00,Fictitious benchmark row
BANK-USD-001,2026-10-01,BENCH-B0576,USD,1.00,Fictitious benchmark row
BANK-USD-001,2026-10-01,BENCH-B0577,USD,1.00,Fictitious benchmark row
BANK-USD-001,2026-10-01,BENCH-B0578,USD,1.00,Fictitious benchmark row
BANK-USD-001,2026-10-01,BENCH-B0579,USD,1.00,Fictitious benchmark row
BANK-USD-001,2026-10-01,BENCH-B0580,USD,1.00,Fictitious benchmark row
BANK-USD-001,2026-10-01,BENCH-B0581,USD,1.00,Fictitious benchmark row
BANK-USD-001,2026-10-01,BENCH-B0582,USD,1.00,Fictitious benchmark row
BANK-USD-001,2026-10-01,BENCH-B0583,USD,1.00,Fictitious benchmark row
BANK-USD-001,2026-10-01,BENCH-B0584,USD,1.00,Fictitious benchmark row
BANK-USD-001,2026-10-01,BENCH-B0585,USD,1.00,Fictitious benchmark row
BANK-USD-001,2026-10-01,BENCH-B0586,USD,1.00,Fictitious benchmark row
BANK-USD-001,2026-10-01,BENCH-B0587,USD,1.00,Fictitious benchmark row
BANK-USD-001,2026-10-01,BENCH-B0588,USD,1.00,Fictitious benchmark row
BANK-USD-001,2026-10-01,BENCH-B0589,USD,1.00,Fictitious benchmark row
BANK-USD-001,2026-10-01,BENCH-B0590,USD,1.00,Fictitious benchmark row
BANK-USD-001,2026-10-01,BENCH-B0591,USD,1.00,Fictitious benchmark row
BANK-USD-001,2026-10-01,BENCH-B0592,USD,1.00,Fictitious benchmark row
BANK-USD-001,2026-10-01,BENCH-B0593,USD,1.00,Fictitious benchmark row
BANK-USD-001,2026-10-01,BENCH-B0594,USD,1.00,Fictitious benchmark row
BANK-USD-001,2026-10-01,BENCH-B0595,USD,1.00,Fictitious benchmark row
BANK-USD-001,2026-10-01,BENCH-B0596,USD,1.00,Fictitious benchmark row
BANK-USD-001,2026-10-01,BENCH-B0597,USD,1.00,Fictitious benchmark row
BANK-USD-001,2026-10-01,BENCH-B0598,USD,1.00,Fictitious benchmark row
BANK-USD-001,2026-10-01,BENCH-B0599,USD,1.00,Fictitious benchmark row
BANK-USD-001,2026-10-01,BENCH-B0600,USD,1.00,Fictitious benchmark row
BANK-USD-001,2026-10-01,BENCH-B0601,USD,1.00,Fictitious benchmark row
BANK-USD-001,2026-10-01,BENCH-B0602,USD,1.00,Fictitious benchmark row
BANK-USD-001,2026-10-01,BENCH-B0603,USD,1.00,Fictitious benchmark row
BANK-USD-001,2026-10-01,BENCH-B0604,USD,1.00,Fictitious benchmark row
BANK-USD-001,2026-10-01,BENCH-B0605,USD,1.00,Fictitious benchmark row
BANK-USD-001,2026-10-01,BENCH-B0606,USD,1.00,Fictitious benchmark row
BANK-USD-001,2026-10-01,BENCH-B0607,USD,1.00,Fictitious benchmark row
BANK-USD-001,2026-10-01,BENCH-B0608,USD,1.00,Fictitious benchmark row
BANK-USD-001,2026-10-01,BENCH-B0609,USD,1.00,Fictitious benchmark row
BANK-USD-001,2026-10-01,BENCH-B0610,USD,1.00,Fictitious benchmark row
BANK-USD-001,2026-10-01,BENCH-B0611,USD,1.00,Fictitious benchmark row
BANK-USD-001,2026-10-01,BENCH-B0612,USD,1.00,Fictitious benchmark row
BANK-USD-001,2026-10-01,BENCH-B0613,USD,1.00,Fictitious benchmark row
BANK-USD-001,2026-10-01,BENCH-B0614,USD,1.00,Fictitious benchmark row
BANK-USD-001,2026-10-01,BENCH-B0615,USD,1.00,Fictitious benchmark row
BANK-USD-001,2026-10-01,BENCH-B0616,USD,1.00,Fictitious benchmark row
BANK-USD-001,2026-10-01,BENCH-B0617,USD,1.00,Fictitious benchmark row
BANK-USD-001,2026-10-01,BENCH-B0618,USD,1.00,Fictitious benchmark row
BANK-USD-001,2026-10-01,BENCH-B0619,USD,1.00,Fictitious benchmark row
BANK-USD-001,2026-10-01,BENCH-B0620,USD,1.00,Fictitious benchmark row
BANK-USD-001,2026-10-01,BENCH-B0621,USD,1.00,Fictitious benchmark row
BANK-USD-001,2026-10-01,BENCH-B0622,USD,1.00,Fictitious benchmark row
BANK-USD-001,2026-10-01,BENCH-B0623,USD,1.00,Fictitious benchmark row
BANK-USD-001,2026-10-01,BENCH-B0624,USD,1.00,Fictitious benchmark row
BANK-USD-001,2026-10-01,BENCH-B0625,USD,1.00,Fictitious benchmark row
BANK-USD-001,2026-10-01,BENCH-B0626,USD,1.00,Fictitious benchmark row
BANK-USD-001,2026-10-01,BENCH-B0627,USD,1.00,Fictitious benchmark row
BANK-USD-001,2026-10-01,BENCH-B0628,USD,1.00,Fictitious benchmark row
BANK-USD-001,2026-10-01,BENCH-B0629,USD,1.00,Fictitious benchmark row
BANK-USD-001,2026-10-01,BENCH-B0630,USD,1.00,Fictitious benchmark row
BANK-USD-001,2026-10-01,BENCH-B0631,USD,1.00,Fictitious benchmark row
BANK-USD-001,2026-10-01,BENCH-B0632,USD,1.00,Fictitious benchmark row
BANK-USD-001,2026-10-01,BENCH-B0633,USD,1.00,Fictitious benchmark row
BANK-USD-001,2026-10-01,BENCH-B0634,USD,1.00,Fictitious benchmark row
BANK-USD-001,2026-10-01,BENCH-B0635,USD,1.00,Fictitious benchmark row
BANK-USD-001,2026-10-01,BENCH-B0636,USD,1.00,Fictitious benchmark row
BANK-USD-001,2026-10-01,BENCH-B0637,USD,1.00,Fictitious benchmark row
BANK-USD-001,2026-10-01,BENCH-B0638,USD,1.00,Fictitious benchmark row
BANK-USD-001,2026-10-01,BENCH-B0639,USD,1.00,Fictitious benchmark row
BANK-USD-001,2026-10-01,BENCH-B0640,USD,1.00,Fictitious benchmark row
BANK-USD-001,2026-10-01,BENCH-B0641,USD,1.00,Fictitious benchmark row
BANK-USD-001,2026-10-01,BENCH-B0642,USD,1.00,Fictitious benchmark row
BANK-USD-001,2026-10-01,BENCH-B0643,USD,1.00,Fictitious benchmark row
BANK-USD-001,2026-10-01,BENCH-B0644,USD,1.00,Fictitious benchmark row
BANK-USD-001,2026-10-01,BENCH-B0645,USD,1.00,Fictitious benchmark row
BANK-USD-001,2026-10-01,BENCH-B0646,USD,1.00,Fictitious benchmark row
BANK-USD-001,2026-10-01,BENCH-B0647,USD,1.00,Fictitious benchmark row
BANK-USD-001,2026-10-01,BENCH-B0648,USD,1.00,Fictitious benchmark row
BANK-USD-001,2026-10-01,BENCH-B0649,USD,1.00,Fictitious benchmark row
BANK-USD-001,2026-10-01,BENCH-B0650,USD,1.00,Fictitious benchmark row
BANK-USD-001,2026-10-01,BENCH-B0651,USD,1.00,Fictitious benchmark row
BANK-USD-001,2026-10-01,BENCH-B0652,USD,1.00,Fictitious benchmark row
BANK-USD-001,2026-10-01,BENCH-B0653,USD,1.00,Fictitious benchmark row
BANK-USD-001,2026-10-01,BENCH-B0654,USD,1.00,Fictitious benchmark row
BANK-USD-001,2026-10-01,BENCH-B0655,USD,1.00,Fictitious benchmark row
BANK-USD-001,2026-10-01,BENCH-B0656,USD,1.00,Fictitious benchmark row
BANK-USD-001,2026-10-01,BENCH-B0657,USD,1.00,Fictitious benchmark row
BANK-USD-001,2026-10-01,BENCH-B0658,USD,1.00,Fictitious benchmark row
BANK-USD-001,2026-10-01,BENCH-B0659,USD,1.00,Fictitious benchmark row
BANK-USD-001,2026-10-01,BENCH-B0660,USD,1.00,Fictitious benchmark row
BANK-USD-001,2026-10-01,BENCH-B0661,USD,1.00,Fictitious benchmark row
BANK-USD-001,2026-10-01,BENCH-B0662,USD,1.00,Fictitious benchmark row
BANK-USD-001,2026-10-01,BENCH-B0663,USD,1.00,Fictitious benchmark row
BANK-USD-001,2026-10-01,BENCH-B0664,USD,1.00,Fictitious benchmark row
BANK-USD-001,2026-10-01,BENCH-B0665,USD,1.00,Fictitious benchmark row
BANK-USD-001,2026-10-01,BENCH-B0666,USD,1.00,Fictitious benchmark row
BANK-USD-001,2026-10-01,BENCH-B0667,USD,1.00,Fictitious benchmark row
BANK-USD-001,2026-10-01,BENCH-B0668,USD,1.00,Fictitious benchmark row
BANK-USD-001,2026-10-01,BENCH-B0669,USD,1.00,Fictitious benchmark row
BANK-USD-001,2026-10-01,BENCH-B0670,USD,1.00,Fictitious benchmark row
BANK-USD-001,2026-10-01,BENCH-B0671,USD,1.00,Fictitious benchmark row
BANK-USD-001,2026-10-01,BENCH-B0672,USD,1.00,Fictitious benchmark row
BANK-USD-001,2026-10-01,BENCH-B0673,USD,1.00,Fictitious benchmark row
BANK-USD-001,2026-10-01,BENCH-B0674,USD,1.00,Fictitious benchmark row
BANK-USD-001,2026-10-01,BENCH-B0675,USD,1.00,Fictitious benchmark row
BANK-USD-001,2026-10-01,BENCH-B0676,USD,1.00,Fictitious benchmark row
BANK-USD-001,2026-10-01,BENCH-B0677,USD,1.00,Fictitious benchmark row
BANK-USD-001,2026-10-01,BENCH-B0678,USD,1.00,Fictitious benchmark row
BANK-USD-001,2026-10-01,BENCH-B0679,USD,1.00,Fictitious benchmark row
BANK-USD-001,2026-10-01,BENCH-B0680,USD,1.00,Fictitious benchmark row
BANK-USD-001,2026-10-01,BENCH-B0681,USD,1.00,Fictitious benchmark row
BANK-USD-001,2026-10-01,BENCH-B0682,USD,1.00,Fictitious benchmark row
BANK-USD-001,2026-10-01,BENCH-B0683,USD,1.00,Fictitious benchmark row
BANK-USD-001,2026-10-01,BENCH-B0684,USD,1.00,Fictitious benchmark row
BANK-USD-001,2026-10-01,BENCH-B0685,USD,1.00,Fictitious benchmark row
BANK-USD-001,2026-10-01,BENCH-B0686,USD,1.00,Fictitious benchmark row
BANK-USD-001,2026-10-01,BENCH-B0687,USD,1.00,Fictitious benchmark row
BANK-USD-001,2026-10-01,BENCH-B0688,USD,1.00,Fictitious benchmark row
BANK-USD-001,2026-10-01,BENCH-B0689,USD,1.00,Fictitious benchmark row
BANK-USD-001,2026-10-01,BENCH-B0690,USD,1.00,Fictitious benchmark row
BANK-USD-001,2026-10-01,BENCH-B0691,USD,1.00,Fictitious benchmark row
BANK-USD-001,2026-10-01,BENCH-B0692,USD,1.00,Fictitious benchmark row
BANK-USD-001,2026-10-01,BENCH-B0693,USD,1.00,Fictitious benchmark row
BANK-USD-001,2026-10-01,BENCH-B0694,USD,1.00,Fictitious benchmark row
BANK-USD-001,2026-10-01,BENCH-B0695,USD,1.00,Fictitious benchmark row
BANK-USD-001,2026-10-01,BENCH-B0696,USD,1.00,Fictitious benchmark row
BANK-USD-001,2026-10-01,BENCH-B0697,USD,1.00,Fictitious benchmark row
BANK-USD-001,2026-10-01,BENCH-B0698,USD,1.00,Fictitious benchmark row
BANK-USD-001,2026-10-01,BENCH-B0699,USD,1.00,Fictitious benchmark row
BANK-USD-001,2026-10-01,BENCH-B0700,USD,1.00,Fictitious benchmark row
BANK-USD-001,2026-10-01,BENCH-B0701,USD,1.00,Fictitious benchmark row
BANK-USD-001,2026-10-01,BENCH-B0702,USD,1.00,Fictitious benchmark row
BANK-USD-001,2026-10-01,BENCH-B0703,USD,1.00,Fictitious benchmark row
BANK-USD-001,2026-10-01,BENCH-B0704,USD,1.00,Fictitious benchmark row
BANK-USD-001,2026-10-01,BENCH-B0705,USD,1.00,Fictitious benchmark row
BANK-USD-001,2026-10-01,BENCH-B0706,USD,1.00,Fictitious benchmark row
BANK-USD-001,2026-10-01,BENCH-B0707,USD,1.00,Fictitious benchmark row
BANK-USD-001,2026-10-01,BENCH-B0708,USD,1.00,Fictitious benchmark row
BANK-USD-001,2026-10-01,BENCH-B0709,USD,1.00,Fictitious benchmark row
BANK-USD-001,2026-10-01,BENCH-B0710,USD,1.00,Fictitious benchmark row
BANK-USD-001,2026-10-01,BENCH-B0711,USD,1.00,Fictitious benchmark row
BANK-USD-001,2026-10-01,BENCH-B0712,USD,1.00,Fictitious benchmark row
BANK-USD-001,2026-10-01,BENCH-B0713,USD,1.00,Fictitious benchmark row
BANK-USD-001,2026-10-01,BENCH-B0714,USD,1.00,Fictitious benchmark row
BANK-USD-001,2026-10-01,BENCH-B0715,USD,1.00,Fictitious benchmark row
BANK-USD-001,2026-10-01,BENCH-B0716,USD,1.00,Fictitious benchmark row
BANK-USD-001,2026-10-01,BENCH-B0717,USD,1.00,Fictitious benchmark row
BANK-USD-001,2026-10-01,BENCH-B0718,USD,1.00,Fictitious benchmark row
BANK-USD-001,2026-10-01,BENCH-B0719,USD,1.00,Fictitious benchmark row
BANK-USD-001,2026-10-01,BENCH-B0720,USD,1.00,Fictitious benchmark row
BANK-USD-001,2026-10-01,BENCH-B0721,USD,1.00,Fictitious benchmark row
BANK-USD-001,2026-10-01,BENCH-B0722,USD,1.00,Fictitious benchmark row
BANK-USD-001,2026-10-01,BENCH-B0723,USD,1.00,Fictitious benchmark row
BANK-USD-001,2026-10-01,BENCH-B0724,USD,1.00,Fictitious benchmark row
BANK-USD-001,2026-10-01,BENCH-B0725,USD,1.00,Fictitious benchmark row
BANK-USD-001,2026-10-01,BENCH-B0726,USD,1.00,Fictitious benchmark row
BANK-USD-001,2026-10-01,BENCH-B0727,USD,1.00,Fictitious benchmark row
BANK-USD-001,2026-10-01,BENCH-B0728,USD,1.00,Fictitious benchmark row
BANK-USD-001,2026-10-01,BENCH-B0729,USD,1.00,Fictitious benchmark row
BANK-USD-001,2026-10-01,BENCH-B0730,USD,1.00,Fictitious benchmark row
BANK-USD-001,2026-10-01,BENCH-B0731,USD,1.00,Fictitious benchmark row
BANK-USD-001,2026-10-01,BENCH-B0732,USD,1.00,Fictitious benchmark row
BANK-USD-001,2026-10-01,BENCH-B0733,USD,1.00,Fictitious benchmark row
BANK-USD-001,2026-10-01,BENCH-B0734,USD,1.00,Fictitious benchmark row
BANK-USD-001,2026-10-01,BENCH-B0735,USD,1.00,Fictitious benchmark row
BANK-USD-001,2026-10-01,BENCH-B0736,USD,1.00,Fictitious benchmark row
BANK-USD-001,2026-10-01,BENCH-B0737,USD,1.00,Fictitious benchmark row
BANK-USD-001,2026-10-01,BENCH-B0738,USD,1.00,Fictitious benchmark row
BANK-USD-001,2026-10-01,BENCH-B0739,USD,1.00,Fictitious benchmark row
BANK-USD-001,2026-10-01,BENCH-B0740,USD,1.00,Fictitious benchmark row
BANK-USD-001,2026-10-01,BENCH-B0741,USD,1.00,Fictitious benchmark row
BANK-USD-001,2026-10-01,BENCH-B0742,USD,1.00,Fictitious benchmark row
BANK-USD-001,2026-10-01,BENCH-B0743,USD,1.00,Fictitious benchmark row
BANK-USD-001,2026-10-01,BENCH-B0744,USD,1.00,Fictitious benchmark row
BANK-USD-001,2026-10-01,BENCH-B0745,USD,1.00,Fictitious benchmark row
BANK-USD-001,2026-10-01,BENCH-B0746,USD,1.00,Fictitious benchmark row
BANK-USD-001,2026-10-01,BENCH-B0747,USD,1.00,Fictitious benchmark row
BANK-USD-001,2026-10-01,BENCH-B0748,USD,1.00,Fictitious benchmark row
BANK-USD-001,2026-10-01,BENCH-B0749,USD,1.00,Fictitious benchmark row
BANK-USD-001,2026-10-01,BENCH-B0750,USD,1.00,Fictitious benchmark row
BANK-USD-001,2026-10-01,BENCH-B0751,USD,1.00,Fictitious benchmark row
BANK-USD-001,2026-10-01,BENCH-B0752,USD,1.00,Fictitious benchmark row
BANK-USD-001,2026-10-01,BENCH-B0753,USD,1.00,Fictitious benchmark row
BANK-USD-001,2026-10-01,BENCH-B0754,USD,1.00,Fictitious benchmark row
BANK-USD-001,2026-10-01,BENCH-B0755,USD,1.00,Fictitious benchmark row
BANK-USD-001,2026-10-01,BENCH-B0756,USD,1.00,Fictitious benchmark row
BANK-USD-001,2026-10-01,BENCH-B0757,USD,1.00,Fictitious benchmark row
BANK-USD-001,2026-10-01,BENCH-B0758,USD,1.00,Fictitious benchmark row
BANK-USD-001,2026-10-01,BENCH-B0759,USD,1.00,Fictitious benchmark row
BANK-USD-001,2026-10-01,BENCH-B0760,USD,1.00,Fictitious benchmark row
BANK-USD-001,2026-10-01,BENCH-B0761,USD,1.00,Fictitious benchmark row
BANK-USD-001,2026-10-01,BENCH-B0762,USD,1.00,Fictitious benchmark row
BANK-USD-001,2026-10-01,BENCH-B0763,USD,1.00,Fictitious benchmark row
BANK-USD-001,2026-10-01,BENCH-B0764,USD,1.00,Fictitious benchmark row
BANK-USD-001,2026-10-01,BENCH-B0765,USD,1.00,Fictitious benchmark row
BANK-USD-001,2026-10-01,BENCH-B0766,USD,1.00,Fictitious benchmark row
BANK-USD-001,2026-10-01,BENCH-B0767,USD,1.00,Fictitious benchmark row
BANK-USD-001,2026-10-01,BENCH-B0768,USD,1.00,Fictitious benchmark row
BANK-USD-001,2026-10-01,BENCH-B0769,USD,1.00,Fictitious benchmark row
BANK-USD-001,2026-10-01,BENCH-B0770,USD,1.00,Fictitious benchmark row
BANK-USD-001,2026-10-01,BENCH-B0771,USD,1.00,Fictitious benchmark row
BANK-USD-001,2026-10-01,BENCH-B0772,USD,1.00,Fictitious benchmark row
BANK-USD-001,2026-10-01,BENCH-B0773,USD,1.00,Fictitious benchmark row
BANK-USD-001,2026-10-01,BENCH-B0774,USD,1.00,Fictitious benchmark row
BANK-USD-001,2026-10-01,BENCH-B0775,USD,1.00,Fictitious benchmark row
BANK-USD-001,2026-10-01,BENCH-B0776,USD,1.00,Fictitious benchmark row
BANK-USD-001,2026-10-01,BENCH-B0777,USD,1.00,Fictitious benchmark row
BANK-USD-001,2026-10-01,BENCH-B0778,USD,1.00,Fictitious benchmark row
BANK-USD-001,2026-10-01,BENCH-B0779,USD,1.00,Fictitious benchmark row
BANK-USD-001,2026-10-01,BENCH-B0780,USD,1.00,Fictitious benchmark row
BANK-USD-001,2026-10-01,BENCH-B0781,USD,1.00,Fictitious benchmark row
BANK-USD-001,2026-10-01,BENCH-B0782,USD,1.00,Fictitious benchmark row
BANK-USD-001,2026-10-01,BENCH-B0783,USD,1.00,Fictitious benchmark row
BANK-USD-001,2026-10-01,BENCH-B0784,USD,1.00,Fictitious benchmark row
BANK-USD-001,2026-10-01,BENCH-B0785,USD,1.00,Fictitious benchmark row
BANK-USD-001,2026-10-01,BENCH-B0786,USD,1.00,Fictitious benchmark row
BANK-USD-001,2026-10-01,BENCH-B0787,USD,1.00,Fictitious benchmark row
BANK-USD-001,2026-10-01,BENCH-B0788,USD,1.00,Fictitious benchmark row
BANK-USD-001,2026-10-01,BENCH-B0789,USD,1.00,Fictitious benchmark row
BANK-USD-001,2026-10-01,BENCH-B0790,USD,1.00,Fictitious benchmark row
BANK-USD-001,2026-10-01,BENCH-B0791,USD,1.00,Fictitious benchmark row
BANK-USD-001,2026-10-01,BENCH-B0792,USD,1.00,Fictitious benchmark row
BANK-USD-001,2026-10-01,BENCH-B0793,USD,1.00,Fictitious benchmark row
BANK-USD-001,2026-10-01,BENCH-B0794,USD,1.00,Fictitious benchmark row
BANK-USD-001,2026-10-01,BENCH-B0795,USD,1.00,Fictitious benchmark row
BANK-USD-001,2026-10-01,BENCH-B0796,USD,1.00,Fictitious benchmark row
BANK-USD-001,2026-10-01,BENCH-B0797,USD,1.00,Fictitious benchmark row
BANK-USD-001,2026-10-01,BENCH-B0798,USD,1.00,Fictitious benchmark row
BANK-USD-001,2026-10-01,BENCH-B0799,USD,1.00,Fictitious benchmark row
BANK-USD-001,2026-10-01,BENCH-B0800,USD,1.00,Fictitious benchmark row
BANK-USD-001,2026-10-01,BENCH-B0801,USD,1.00,Fictitious benchmark row
BANK-USD-001,2026-10-01,BENCH-B0802,USD,1.00,Fictitious benchmark row
BANK-USD-001,2026-10-01,BENCH-B0803,USD,1.00,Fictitious benchmark row
BANK-USD-001,2026-10-01,BENCH-B0804,USD,1.00,Fictitious benchmark row
BANK-USD-001,2026-10-01,BENCH-B0805,USD,1.00,Fictitious benchmark row
BANK-USD-001,2026-10-01,BENCH-B0806,USD,1.00,Fictitious benchmark row
BANK-USD-001,2026-10-01,BENCH-B0807,USD,1.00,Fictitious benchmark row
BANK-USD-001,2026-10-01,BENCH-B0808,USD,1.00,Fictitious benchmark row
BANK-USD-001,2026-10-01,BENCH-B0809,USD,1.00,Fictitious benchmark row
BANK-USD-001,2026-10-01,BENCH-B0810,USD,1.00,Fictitious benchmark row
BANK-USD-001,2026-10-01,BENCH-B0811,USD,1.00,Fictitious benchmark row
BANK-USD-001,2026-10-01,BENCH-B0812,USD,1.00,Fictitious benchmark row
BANK-USD-001,2026-10-01,BENCH-B0813,USD,1.00,Fictitious benchmark row
BANK-USD-001,2026-10-01,BENCH-B0814,USD,1.00,Fictitious benchmark row
BANK-USD-001,2026-10-01,BENCH-B0815,USD,1.00,Fictitious benchmark row
BANK-USD-001,2026-10-01,BENCH-B0816,USD,1.00,Fictitious benchmark row
BANK-USD-001,2026-10-01,BENCH-B0817,USD,1.00,Fictitious benchmark row
BANK-USD-001,2026-10-01,BENCH-B0818,USD,1.00,Fictitious benchmark row
BANK-USD-001,2026-10-01,BENCH-B0819,USD,1.00,Fictitious benchmark row
BANK-USD-001,2026-10-01,BENCH-B0820,USD,1.00,Fictitious benchmark row
BANK-USD-001,2026-10-01,BENCH-B0821,USD,1.00,Fictitious benchmark row
BANK-USD-001,2026-10-01,BENCH-B0822,USD,1.00,Fictitious benchmark row
BANK-USD-001,2026-10-01,BENCH-B0823,USD,1.00,Fictitious benchmark row
BANK-USD-001,2026-10-01,BENCH-B0824,USD,1.00,Fictitious benchmark row
BANK-USD-001,2026-10-01,BENCH-B0825,USD,1.00,Fictitious benchmark row
BANK-USD-001,2026-10-01,BENCH-B0826,USD,1.00,Fictitious benchmark row
BANK-USD-001,2026-10-01,BENCH-B0827,USD,1.00,Fictitious benchmark row
BANK-USD-001,2026-10-01,BENCH-B0828,USD,1.00,Fictitious benchmark row
BANK-USD-001,2026-10-01,BENCH-B0829,USD,1.00,Fictitious benchmark row
BANK-USD-001,2026-10-01,BENCH-B0830,USD,1.00,Fictitious benchmark row
BANK-USD-001,2026-10-01,BENCH-B0831,USD,1.00,Fictitious benchmark row
BANK-USD-001,2026-10-01,BENCH-B0832,USD,1.00,Fictitious benchmark row
BANK-USD-001,2026-10-01,BENCH-B0833,USD,1.00,Fictitious benchmark row
BANK-USD-001,2026-10-01,BENCH-B0834,USD,1.00,Fictitious benchmark row
BANK-USD-001,2026-10-01,BENCH-B0835,USD,1.00,Fictitious benchmark row
BANK-USD-001,2026-10-01,BENCH-B0836,USD,1.00,Fictitious benchmark row
BANK-USD-001,2026-10-01,BENCH-B0837,USD,1.00,Fictitious benchmark row
BANK-USD-001,2026-10-01,BENCH-B0838,USD,1.00,Fictitious benchmark row
BANK-USD-001,2026-10-01,BENCH-B0839,USD,1.00,Fictitious benchmark row
BANK-USD-001,2026-10-01,BENCH-B0840,USD,1.00,Fictitious benchmark row
BANK-USD-001,2026-10-01,BENCH-B0841,USD,1.00,Fictitious benchmark row
BANK-USD-001,2026-10-01,BENCH-B0842,USD,1.00,Fictitious benchmark row
BANK-USD-001,2026-10-01,BENCH-B0843,USD,1.00,Fictitious benchmark row
BANK-USD-001,2026-10-01,BENCH-B0844,USD,1.00,Fictitious benchmark row
BANK-USD-001,2026-10-01,BENCH-B0845,USD,1.00,Fictitious benchmark row
BANK-USD-001,2026-10-01,BENCH-B0846,USD,1.00,Fictitious benchmark row
BANK-USD-001,2026-10-01,BENCH-B0847,USD,1.00,Fictitious benchmark row
BANK-USD-001,2026-10-01,BENCH-B0848,USD,1.00,Fictitious benchmark row
BANK-USD-001,2026-10-01,BENCH-B0849,USD,1.00,Fictitious benchmark row
BANK-USD-001,2026-10-01,BENCH-B0850,USD,1.00,Fictitious benchmark row
BANK-USD-001,2026-10-01,BENCH-B0851,USD,1.00,Fictitious benchmark row
BANK-USD-001,2026-10-01,BENCH-B0852,USD,1.00,Fictitious benchmark row
BANK-USD-001,2026-10-01,BENCH-B0853,USD,1.00,Fictitious benchmark row
BANK-USD-001,2026-10-01,BENCH-B0854,USD,1.00,Fictitious benchmark row
BANK-USD-001,2026-10-01,BENCH-B0855,USD,1.00,Fictitious benchmark row
BANK-USD-001,2026-10-01,BENCH-B0856,USD,1.00,Fictitious benchmark row
BANK-USD-001,2026-10-01,BENCH-B0857,USD,1.00,Fictitious benchmark row
BANK-USD-001,2026-10-01,BENCH-B0858,USD,1.00,Fictitious benchmark row
BANK-USD-001,2026-10-01,BENCH-B0859,USD,1.00,Fictitious benchmark row
BANK-USD-001,2026-10-01,BENCH-B0860,USD,1.00,Fictitious benchmark row
BANK-USD-001,2026-10-01,BENCH-B0861,USD,1.00,Fictitious benchmark row
BANK-USD-001,2026-10-01,BENCH-B0862,USD,1.00,Fictitious benchmark row
BANK-USD-001,2026-10-01,BENCH-B0863,USD,1.00,Fictitious benchmark row
BANK-USD-001,2026-10-01,BENCH-B0864,USD,1.00,Fictitious benchmark row
BANK-USD-001,2026-10-01,BENCH-B0865,USD,1.00,Fictitious benchmark row
BANK-USD-001,2026-10-01,BENCH-B0866,USD,1.00,Fictitious benchmark row
BANK-USD-001,2026-10-01,BENCH-B0867,USD,1.00,Fictitious benchmark row
BANK-USD-001,2026-10-01,BENCH-B0868,USD,1.00,Fictitious benchmark row
BANK-USD-001,2026-10-01,BENCH-B0869,USD,1.00,Fictitious benchmark row
BANK-USD-001,2026-10-01,BENCH-B0870,USD,1.00,Fictitious benchmark row
BANK-USD-001,2026-10-01,BENCH-B0871,USD,1.00,Fictitious benchmark row
BANK-USD-001,2026-10-01,BENCH-B0872,USD,1.00,Fictitious benchmark row
BANK-USD-001,2026-10-01,BENCH-B0873,USD,1.00,Fictitious benchmark row
BANK-USD-001,2026-10-01,BENCH-B0874,USD,1.00,Fictitious benchmark row
BANK-USD-001,2026-10-01,BENCH-B0875,USD,1.00,Fictitious benchmark row
BANK-USD-001,2026-10-01,BENCH-B0876,USD,1.00,Fictitious benchmark row
BANK-USD-001,2026-10-01,BENCH-B0877,USD,1.00,Fictitious benchmark row
BANK-USD-001,2026-10-01,BENCH-B0878,USD,1.00,Fictitious benchmark row
BANK-USD-001,2026-10-01,BENCH-B0879,USD,1.00,Fictitious benchmark row
BANK-USD-001,2026-10-01,BENCH-B0880,USD,1.00,Fictitious benchmark row
BANK-USD-001,2026-10-01,BENCH-B0881,USD,1.00,Fictitious benchmark row
BANK-USD-001,2026-10-01,BENCH-B0882,USD,1.00,Fictitious benchmark row
BANK-USD-001,2026-10-01,BENCH-B0883,USD,1.00,Fictitious benchmark row
BANK-USD-001,2026-10-01,BENCH-B0884,USD,1.00,Fictitious benchmark row
BANK-USD-001,2026-10-01,BENCH-B0885,USD,1.00,Fictitious benchmark row
BANK-USD-001,2026-10-01,BENCH-B0886,USD,1.00,Fictitious benchmark row
BANK-USD-001,2026-10-01,BENCH-B0887,USD,1.00,Fictitious benchmark row
BANK-USD-001,2026-10-01,BENCH-B0888,USD,1.00,Fictitious benchmark row
BANK-USD-001,2026-10-01,BENCH-B0889,USD,1.00,Fictitious benchmark row
BANK-USD-001,2026-10-01,BENCH-B0890,USD,1.00,Fictitious benchmark row
BANK-USD-001,2026-10-01,BENCH-B0891,USD,1.00,Fictitious benchmark row
BANK-USD-001,2026-10-01,BENCH-B0892,USD,1.00,Fictitious benchmark row
BANK-USD-001,2026-10-01,BENCH-B0893,USD,1.00,Fictitious benchmark row
BANK-USD-001,2026-10-01,BENCH-B0894,USD,1.00,Fictitious benchmark row
BANK-USD-001,2026-10-01,BENCH-B0895,USD,1.00,Fictitious benchmark row
BANK-USD-001,2026-10-01,BENCH-B0896,USD,1.00,Fictitious benchmark row
BANK-USD-001,2026-10-01,BENCH-B0897,USD,1.00,Fictitious benchmark row
BANK-USD-001,2026-10-01,BENCH-B0898,USD,1.00,Fictitious benchmark row
BANK-USD-001,2026-10-01,BENCH-B0899,USD,1.00,Fictitious benchmark row
BANK-USD-001,2026-10-01,BENCH-B0900,USD,1.00,Fictitious benchmark row
BANK-USD-001,2026-10-01,BENCH-B0901,USD,1.00,Fictitious benchmark row
BANK-USD-001,2026-10-01,BENCH-B0902,USD,1.00,Fictitious benchmark row
BANK-USD-001,2026-10-01,BENCH-B0903,USD,1.00,Fictitious benchmark row
BANK-USD-001,2026-10-01,BENCH-B0904,USD,1.00,Fictitious benchmark row
BANK-USD-001,2026-10-01,BENCH-B0905,USD,1.00,Fictitious benchmark row
BANK-USD-001,2026-10-01,BENCH-B0906,USD,1.00,Fictitious benchmark row
BANK-USD-001,2026-10-01,BENCH-B0907,USD,1.00,Fictitious benchmark row
BANK-USD-001,2026-10-01,BENCH-B0908,USD,1.00,Fictitious benchmark row
BANK-USD-001,2026-10-01,BENCH-B0909,USD,1.00,Fictitious benchmark row
BANK-USD-001,2026-10-01,BENCH-B0910,USD,1.00,Fictitious benchmark row
BANK-USD-001,2026-10-01,BENCH-B0911,USD,1.00,Fictitious benchmark row
BANK-USD-001,2026-10-01,BENCH-B0912,USD,1.00,Fictitious benchmark row
BANK-USD-001,2026-10-01,BENCH-B0913,USD,1.00,Fictitious benchmark row
BANK-USD-001,2026-10-01,BENCH-B0914,USD,1.00,Fictitious benchmark row
BANK-USD-001,2026-10-01,BENCH-B0915,USD,1.00,Fictitious benchmark row
BANK-USD-001,2026-10-01,BENCH-B0916,USD,1.00,Fictitious benchmark row
BANK-USD-001,2026-10-01,BENCH-B0917,USD,1.00,Fictitious benchmark row
BANK-USD-001,2026-10-01,BENCH-B0918,USD,1.00,Fictitious benchmark row
BANK-USD-001,2026-10-01,BENCH-B0919,USD,1.00,Fictitious benchmark row
BANK-USD-001,2026-10-01,BENCH-B0920,USD,1.00,Fictitious benchmark row
BANK-USD-001,2026-10-01,BENCH-B0921,USD,1.00,Fictitious benchmark row
BANK-USD-001,2026-10-01,BENCH-B0922,USD,1.00,Fictitious benchmark row
BANK-USD-001,2026-10-01,BENCH-B0923,USD,1.00,Fictitious benchmark row
BANK-USD-001,2026-10-01,BENCH-B0924,USD,1.00,Fictitious benchmark row
BANK-USD-001,2026-10-01,BENCH-B0925,USD,1.00,Fictitious benchmark row
BANK-USD-001,2026-10-01,BENCH-B0926,USD,1.00,Fictitious benchmark row
BANK-USD-001,2026-10-01,BENCH-B0927,USD,1.00,Fictitious benchmark row
BANK-USD-001,2026-10-01,BENCH-B0928,USD,1.00,Fictitious benchmark row
BANK-USD-001,2026-10-01,BENCH-B0929,USD,1.00,Fictitious benchmark row
BANK-USD-001,2026-10-01,BENCH-B0930,USD,1.00,Fictitious benchmark row
BANK-USD-001,2026-10-01,BENCH-B0931,USD,1.00,Fictitious benchmark row
BANK-USD-001,2026-10-01,BENCH-B0932,USD,1.00,Fictitious benchmark row
BANK-USD-001,2026-10-01,BENCH-B0933,USD,1.00,Fictitious benchmark row
BANK-USD-001,2026-10-01,BENCH-B0934,USD,1.00,Fictitious benchmark row
BANK-USD-001,2026-10-01,BENCH-B0935,USD,1.00,Fictitious benchmark row
BANK-USD-001,2026-10-01,BENCH-B0936,USD,1.00,Fictitious benchmark row
BANK-USD-001,2026-10-01,BENCH-B0937,USD,1.00,Fictitious benchmark row
BANK-USD-001,2026-10-01,BENCH-B0938,USD,1.00,Fictitious benchmark row
BANK-USD-001,2026-10-01,BENCH-B0939,USD,1.00,Fictitious benchmark row
BANK-USD-001,2026-10-01,BENCH-B0940,USD,1.00,Fictitious benchmark row
BANK-USD-001,2026-10-01,BENCH-B0941,USD,1.00,Fictitious benchmark row
BANK-USD-001,2026-10-01,BENCH-B0942,USD,1.00,Fictitious benchmark row
BANK-USD-001,2026-10-01,BENCH-B0943,USD,1.00,Fictitious benchmark row
BANK-USD-001,2026-10-01,BENCH-B0944,USD,1.00,Fictitious benchmark row
BANK-USD-001,2026-10-01,BENCH-B0945,USD,1.00,Fictitious benchmark row
BANK-USD-001,2026-10-01,BENCH-B0946,USD,1.00,Fictitious benchmark row
BANK-USD-001,2026-10-01,BENCH-B0947,USD,1.00,Fictitious benchmark row
BANK-USD-001,2026-10-01,BENCH-B0948,USD,1.00,Fictitious benchmark row
BANK-USD-001,2026-10-01,BENCH-B0949,USD,1.00,Fictitious benchmark row
BANK-USD-001,2026-10-01,BENCH-B0950,USD,1.00,Fictitious benchmark row
BANK-USD-001,2026-10-01,BENCH-B0951,USD,1.00,Fictitious benchmark row
BANK-USD-001,2026-10-01,BENCH-B0952,USD,1.00,Fictitious benchmark row
BANK-USD-001,2026-10-01,BENCH-B0953,USD,1.00,Fictitious benchmark row
BANK-USD-001,2026-10-01,BENCH-B0954,USD,1.00,Fictitious benchmark row
BANK-USD-001,2026-10-01,BENCH-B0955,USD,1.00,Fictitious benchmark row
BANK-USD-001,2026-10-01,BENCH-B0956,USD,1.00,Fictitious benchmark row
BANK-USD-001,2026-10-01,BENCH-B0957,USD,1.00,Fictitious benchmark row
BANK-USD-001,2026-10-01,BENCH-B0958,USD,1.00,Fictitious benchmark row
BANK-USD-001,2026-10-01,BENCH-B0959,USD,1.00,Fictitious benchmark row
BANK-USD-001,2026-10-01,BENCH-B0960,USD,1.00,Fictitious benchmark row
BANK-USD-001,2026-10-01,BENCH-B0961,USD,1.00,Fictitious benchmark row
BANK-USD-001,2026-10-01,BENCH-B0962,USD,1.00,Fictitious benchmark row
BANK-USD-001,2026-10-01,BENCH-B0963,USD,1.00,Fictitious benchmark row
BANK-USD-001,2026-10-01,BENCH-B0964,USD,1.00,Fictitious benchmark row
BANK-USD-001,2026-10-01,BENCH-B0965,USD,1.00,Fictitious benchmark row
BANK-USD-001,2026-10-01,BENCH-B0966,USD,1.00,Fictitious benchmark row
BANK-USD-001,2026-10-01,BENCH-B0967,USD,1.00,Fictitious benchmark row
BANK-USD-001,2026-10-01,BENCH-B0968,USD,1.00,Fictitious benchmark row
BANK-USD-001,2026-10-01,BENCH-B0969,USD,1.00,Fictitious benchmark row
BANK-USD-001,2026-10-01,BENCH-B0970,USD,1.00,Fictitious benchmark row
BANK-USD-001,2026-10-01,BENCH-B0971,USD,1.00,Fictitious benchmark row
BANK-USD-001,2026-10-01,BENCH-B0972,USD,1.00,Fictitious benchmark row
BANK-USD-001,2026-10-01,BENCH-B0973,USD,1.00,Fictitious benchmark row
BANK-USD-001,2026-10-01,BENCH-B0974,USD,1.00,Fictitious benchmark row
BANK-USD-001,2026-10-01,BENCH-B0975,USD,1.00,Fictitious benchmark row
BANK-USD-001,2026-10-01,BENCH-B0976,USD,1.00,Fictitious benchmark row
BANK-USD-001,2026-10-01,BENCH-B0977,USD,1.00,Fictitious benchmark row
BANK-USD-001,2026-10-01,BENCH-B0978,USD,1.00,Fictitious benchmark row
BANK-USD-001,2026-10-01,BENCH-B0979,USD,1.00,Fictitious benchmark row
BANK-USD-001,2026-10-01,BENCH-B0980,USD,1.00,Fictitious benchmark row
BANK-USD-001,2026-10-01,BENCH-B0981,USD,1.00,Fictitious benchmark row
BANK-USD-001,2026-10-01,BENCH-B0982,USD,1.00,Fictitious benchmark row
BANK-USD-001,2026-10-01,BENCH-B0983,USD,1.00,Fictitious benchmark row
BANK-USD-001,2026-10-01,BENCH-B0984,USD,1.00,Fictitious benchmark row
BANK-USD-001,2026-10-01,BENCH-B0985,USD,1.00,Fictitious benchmark row
BANK-USD-001,2026-10-01,BENCH-B0986,USD,1.00,Fictitious benchmark row
BANK-USD-001,2026-10-01,BENCH-B0987,USD,1.00,Fictitious benchmark row
BANK-USD-001,2026-10-01,BENCH-B0988,USD,1.00,Fictitious benchmark row
BANK-USD-001,2026-10-01,BENCH-B0989,USD,1.00,Fictitious benchmark row
BANK-USD-001,2026-10-01,BENCH-B0990,USD,1.00,Fictitious benchmark row
BANK-USD-001,2026-10-01,BENCH-B0991,USD,1.00,Fictitious benchmark row
BANK-USD-001,2026-10-01,BENCH-B0992,USD,1.00,Fictitious benchmark row
BANK-USD-001,2026-10-01,BENCH-B0993,USD,1.00,Fictitious benchmark row
BANK-USD-001,2026-10-01,BENCH-B0994,USD,1.00,Fictitious benchmark row
BANK-USD-001,2026-10-01,BENCH-B0995,USD,1.00,Fictitious benchmark row
BANK-USD-001,2026-10-01,BENCH-B0996,USD,1.00,Fictitious benchmark row
BANK-USD-001,2026-10-01,BENCH-B0997,USD,1.00,Fictitious benchmark row
BANK-USD-001,2026-10-01,BENCH-B0998,USD,1.00,Fictitious benchmark row
BANK-USD-001,2026-10-01,BENCH-B0999,USD,1.00,Fictitious benchmark row
